Month,objective-c,c,python,twitter-bootstrap,python-2.7,spring,git,oracle,android-studio,mysql,list,r,javascript,ios,scala,api,reactjs,ruby-on-rails,asp.net,postgresql,vue.js,mongodb,angular,powershell,maven,visual-studio,apache,kubernetes,pandas,kotlin,asp.net-core,windows,excel,wordpress,react-native,entity-framework,typescript,apache-spark,image,macos,string,eclipse,delphi,sql,spring-boot,rest,sqlite,jquery,c#,perl,express,angularjs,ajax,css,database,go,django,json,matlab,numpy,python-3.x,regex,swift,dataframe,.net,android,asp.net-mvc,firebase,haskell,forms,laravel,flutter,shell,algorithm,arrays,html,function,hibernate,elasticsearch,vb.net,azure,wpf,bash,sql-server,linux,xcode,ruby,facebook,iphone,c++,vba,amazon-web-services,php,xml,node.js,loops,performance,docker,java,t-sql
2008-01,0,0,0,0,0,0,0,0,0,0,0,0,0,0,0,0,0,0,0,0,0,0,0,0,0,0,0,0,0,0,0,0,0,0,0,0,0,0,0,0,0,0,0,0,0,0,0,0,0,0,0,0,0,0,0,0,0,0,0,0,0,0,0,0,0,0,0,0,0,0,0,0,0,0,0,0,0,0,0,0,0,0,0,0,0,0,0,0,0,0,0,0,0,0,0,0,0,0,0,0
2008-02,0,0,0,0,0,0,0,0,0,0,0,0,0,0,0,0,0,0,0,0,0,0,0,0,0,0,0,0,0,0,0,0,0,0,0,0,0,0,0,0,0,0,0,0,0,0,0,0,0,0,0,0,0,0,0,0,0,0,0,0,0,0,0,0,0,0,0,0,0,0,0,0,0,0,0,0,0,0,0,0,0,0,0,0,0,0,0,0,0,0,0,0,0,0,0,0,0,0,0,0
2008-03,0,0,0,0,0,0,0,0,0,0,0,0,0,0,0,0,0,0,0,0,0,0,0,0,0,0,0,0,0,0,0,0,0,0,0,0,0,0,0,0,0,0,0,0,0,0,0,0,0,0,0,0,0,0,0,0,0,0,0,0,0,0,0,0,0,0,0,0,0,0,0,0,0,0,0,0,0,0,0,0,0,0,0,0,0,0,0,0,0,0,0,0,0,0,0,0,0,0,0,0
2008-04,0,0,0,0,0,0,0,0,0,0,0,0,0,0,0,0,0,0,0,0,0,0,0,0,0,0,0,0,0,0,0,0,0,0,0,0,0,0,0,0,0,0,0,0,0,0,0,0,0,0,0,0,0,0,0,0,0,0,0,0,0,0,0,0,0,0,0,0,0,0,0,0,0,0,0,0,0,0,0,0,0,0,0,0,0,0,0,0,0,0,0,0,0,0,0,0,0,0,0,0
2008-05,0,0,0,0,0,0,0,0,0,0,0,0,0,0,0,0,0,0,0,0,0,0,0,0,0,0,0,0,0,0,0,0,0,0,0,0,0,0,0,0,0,0,0,0,0,0,0,0,0,0,0,0,0,0,0,0,0,0,0,0,0,0,0,0,0,0,0,0,0,0,0,0,0,0,0,0,0,0,0,0,0,0,0,0,0,0,0,0,0,0,0,0,0,0,0,0,0,0,0,0
2008-06,0,0,0,0,0,0,0,0,0,0,0,0,0,0,0,0,0,0,0,0,0,0,0,0,0,0,0,0,0,0,0,0,0,0,0,0,0,0,0,0,0,0,0,0,0,0,0,0,0,0,0,0,0,0,0,0,0,0,0,0,0,0,0,0,0,0,0,0,0,0,0,0,0,0,0,0,0,0,0,0,0,0,0,0,0,0,0,0,0,0,0,0,0,0,0,0,0,0,0,0
2008-07,0,0,0,0,0,0,0,0,0,0,0,0,0,0,0,0,0,0,0,0,0,0,0,0,0,0,0,0,0,0,0,0,0,0,0,0,0,0,0,0,0,0,0,0,0,0,0,0,3,0,0,0,0,0,0,0,0,0,0,0,0,0,0,0,0,0,0,0,0,0,0,0,0,0,0,1,0,0,0,0,0,0,0,0,0,0,0,0,0,0,0,0,0,0,0,0,0,0,0,0
2008-08,16,56,111,0,0,0,9,16,0,47,1,0,146,7,0,8,0,36,178,5,0,0,0,11,0,89,16,0,0,0,0,80,8,5,0,1,0,0,9,26,15,10,10,126,0,5,5,7,501,22,0,0,15,25,74,0,4,7,1,0,1,29,0,0,248,1,32,0,2,6,0,0,5,43,10,72,1,4,0,43,0,17,12,138,46,4,42,1,7,151,1,1,151,37,0,2,42,0,214,13
2008-09,34,199,507,0,0,12,41,89,0,129,21,4,567,13,5,15,0,202,636,30,0,1,0,18,1,230,63,0,0,0,0,309,54,8,0,10,0,0,20,102,44,69,75,430,0,23,14,46,1636,99,0,0,58,123,190,0,11,18,9,1,1,67,0,0,908,5,93,0,12,17,0,0,25,124,22,210,15,14,0,115,0,118,44,351,181,9,133,3,57,709,47,2,466,137,0,10,99,0,1096,45
2008-10,45,199,487,0,0,25,39,106,0,158,11,0,628,24,3,14,0,192,683,25,0,0,0,14,1,205,63,0,0,0,0,257,55,7,0,16,0,0,33,53,46,68,96,451,0,17,15,117,1984,85,0,0,68,121,198,0,18,30,14,1,2,103,0,0,856,8,117,0,4,21,0,0,33,115,36,197,14,25,0,149,0,130,36,332,133,8,113,2,154,765,55,3,597,123,0,10,88,0,1119,54
2008-11,67,174,421,0,0,14,39,74,0,175,18,0,514,28,3,12,0,147,717,10,0,0,0,19,1,166,44,0,0,0,0,202,56,2,0,28,0,0,21,48,43,47,120,336,0,15,11,135,1729,68,0,0,63,106,145,0,23,17,8,2,1,69,0,0,695,6,181,0,17,22,0,0,23,94,21,176,9,23,0,122,5,144,22,238,111,5,74,6,158,701,39,1,483,114,0,12,90,0,936,43
2008-12,72,122,413,0,0,16,33,66,0,153,12,1,524,24,3,13,0,153,624,18,0,0,0,19,1,136,45,0,0,0,0,156,42,4,0,27,0,0,27,56,37,49,112,355,0,17,7,142,1590,98,0,0,68,106,118,0,28,17,8,1,4,64,0,0,689,4,184,0,19,20,0,0,27,91,18,192,11,16,0,132,1,170,34,242,100,13,75,4,180,602,50,1,464,99,0,6,84,0,807,26
2009-01,76,222,607,0,0,27,52,54,0,194,21,7,687,35,5,32,0,237,742,25,0,0,0,20,1,169,50,0,0,0,0,209,58,9,0,19,0,0,38,63,55,64,135,494,0,35,21,167,2372,108,0,0,68,145,149,0,66,33,14,4,1,77,1,0,881,26,205,0,18,27,0,0,22,111,36,262,25,29,0,156,2,184,43,338,142,17,88,6,230,797,47,6,616,117,0,15,94,0,1111,51
2009-02,112,250,610,0,0,27,63,66,0,195,29,8,819,45,6,23,0,229,848,20,0,0,0,34,1,160,69,0,0,0,0,207,65,10,0,39,0,0,45,63,66,61,137,567,0,18,23,253,2591,126,0,0,107,176,164,0,66,27,16,2,5,97,0,0,875,39,235,0,4,40,0,0,40,107,39,301,19,29,0,159,2,251,49,288,130,27,161,10,304,801,44,5,743,141,0,12,114,0,1173,64
2009-03,130,297,723,0,0,25,63,79,0,240,26,2,881,31,8,23,0,331,1075,23,0,0,0,35,0,176,58,0,0,0,0,255,44,13,0,69,0,0,45,89,65,80,133,525,0,25,32,310,3156,111,0,0,107,181,184,0,90,32,18,2,3,111,1,0,935,34,279,0,11,50,0,0,34,114,40,311,31,39,0,230,5,332,67,374,169,23,180,18,524,996,58,5,865,168,0,18,106,0,1390,63
2009-04,173,336,733,0,0,29,70,74,0,251,33,11,882,42,15,27,0,350,1080,36,0,0,0,35,1,172,65,0,0,0,0,243,79,12,0,49,0,0,44,75,64,51,160,625,0,20,48,387,3298,118,0,0,107,202,185,0,107,45,21,3,4,116,0,0,890,29,410,0,16,38,0,0,36,105,42,297,26,46,0,229,6,292,46,426,145,26,178,11,573,945,50,6,941,163,0,14,105,0,1488,81
2009-05,261,332,957,0,0,46,103,118,0,299,35,2,1259,56,11,26,0,467,1147,28,0,0,0,33,1,249,82,0,0,0,0,326,86,21,0,61,0,0,57,108,82,85,162,719,0,34,41,560,3545,132,0,0,148,241,207,0,159,50,27,3,6,167,0,0,1059,57,427,0,38,53,0,0,43,145,40,370,30,73,0,251,3,423,72,424,195,55,214,27,894,1142,63,7,1138,189,0,16,126,0,1766,92
2009-06,258,368,992,0,0,48,100,126,0,373,38,3,1351,72,37,45,0,542,1208,40,0,0,0,44,2,228,94,0,0,0,0,284,100,20,0,79,0,0,70,96,82,115,192,780,0,30,43,677,3878,159,0,0,155,285,206,0,171,56,27,5,6,178,0,0,1008,93,476,0,29,58,0,0,35,141,51,448,40,50,0,265,6,409,73,440,206,65,190,30,975,1158,65,7,1537,228,0,27,155,0,2059,119
2009-07,331,409,1087,0,0,52,106,139,0,446,55,39,1535,68,34,56,0,601,1356,65,0,1,0,33,2,291,103,0,0,0,0,327,119,41,0,72,0,0,93,107,87,123,218,883,0,45,48,805,4400,198,0,0,139,409,279,0,198,70,24,3,3,171,0,1,1090,125,502,0,27,85,0,0,51,122,70,589,26,58,0,277,5,492,65,520,181,82,257,42,1308,1377,96,3,1972,237,0,29,177,0,2212,114
2009-08,370,391,1075,0,0,42,136,131,0,513,44,40,1637,66,64,52,0,664,1319,66,0,1,0,47,2,268,105,0,0,0,0,272,102,54,0,70,0,0,89,116,104,133,216,862,0,44,53,969,4440,202,0,0,174,382,241,0,204,62,23,4,7,188,2,2,1038,129,505,0,32,75,0,0,46,181,73,588,32,76,0,360,12,483,70,442,175,86,254,43,1424,1333,58,9,2128,266,1,32,149,0,2141,121
2009-09,363,413,1104,0,0,31,150,100,0,416,50,106,1534,77,36,44,0,648,1357,49,0,1,0,50,1,257,88,0,0,0,0,295,94,66,0,72,0,0,81,136,98,118,207,1153,0,48,42,1015,4342,195,0,0,177,337,198,0,249,78,31,2,7,180,2,2,1010,149,525,0,32,84,0,0,53,191,71,546,48,68,0,296,9,469,83,399,213,111,290,27,1385,1387,80,10,2215,278,0,17,117,0,2209,203
2009-10,391,586,1357,0,0,61,150,125,0,449,60,60,1801,80,67,42,0,704,1385,50,0,2,0,29,4,282,115,0,0,0,0,290,120,44,0,75,0,0,88,136,104,127,210,1270,0,44,63,1130,4716,219,0,1,194,375,206,0,228,77,46,9,12,224,0,2,1040,201,533,0,38,81,0,0,78,192,71,594,47,80,0,267,11,481,109,391,250,78,301,50,1467,1610,68,11,2304,293,0,39,168,0,2431,222
2009-11,381,767,1478,0,0,53,163,163,0,581,65,81,1927,59,66,56,0,735,1480,39,0,7,0,46,3,255,100,0,0,0,0,290,116,63,0,91,0,0,91,161,115,152,228,1015,0,39,60,1141,4673,252,0,0,197,420,225,36,266,82,89,15,8,202,2,2,1039,252,550,0,65,102,0,0,75,185,82,673,47,75,0,285,8,539,87,436,270,88,387,71,1503,1654,116,8,2631,278,2,37,152,0,2725,116
2009-12,414,625,1509,0,0,66,175,139,0,588,54,61,2001,67,59,46,0,771,1291,52,0,8,0,44,8,236,101,0,0,0,0,265,132,58,0,96,0,0,96,154,122,119,227,992,0,37,63,1139,4479,185,0,0,232,410,251,7,319,90,79,11,4,174,1,0,1076,451,478,0,53,88,0,0,51,184,95,651,50,90,0,316,15,475,77,479,206,93,322,82,1564,1570,76,8,2758,274,3,22,138,0,2641,104
2010-01,463,733,1835,1,0,80,200,131,0,674,59,74,2281,74,70,61,0,966,1502,69,0,21,0,54,13,234,122,0,0,0,0,354,120,101,0,88,0,0,122,173,109,189,254,1047,0,61,68,1436,5107,220,0,0,271,508,300,11,374,111,57,8,4,189,0,1,1175,795,707,0,47,132,0,0,56,196,105,834,73,106,0,320,12,544,93,525,264,123,379,74,2121,1889,88,9,3348,303,0,32,188,1,3656,124
2010-02,499,769,1780,0,0,78,199,145,0,657,54,103,2309,99,77,68,0,979,1488,64,0,20,0,57,22,275,124,0,0,0,0,294,101,90,0,100,0,0,130,170,152,166,243,1030,0,59,84,1406,5089,277,0,0,263,527,323,5,372,101,85,18,13,237,0,2,1197,887,604,0,60,110,0,0,53,203,126,808,50,99,1,369,16,506,115,521,242,128,395,88,2043,2169,74,11,3092,326,2,33,205,0,3516,134
2010-03,512,824,1975,0,0,94,235,159,0,836,97,111,2624,102,68,71,0,1068,1753,76,0,25,0,53,21,258,169,0,0,0,0,356,142,130,0,115,0,0,153,143,135,197,271,1214,0,65,92,1779,6020,309,0,0,275,623,369,5,374,140,79,12,18,279,0,3,1370,1069,638,0,66,151,0,0,83,228,140,877,55,101,0,444,18,649,153,488,264,158,370,100,2357,2316,79,15,3649,364,4,38,199,0,4380,123
2010-04,522,920,1726,0,1,87,197,139,0,807,60,134,2670,93,130,69,0,1048,1553,78,0,19,0,51,16,269,131,0,0,0,0,343,142,124,0,138,0,0,142,155,142,187,219,1103,0,70,91,1666,5769,264,0,0,240,610,306,7,330,127,148,19,10,232,2,8,1223,1170,578,1,59,130,0,0,54,259,142,850,75,87,0,377,22,596,136,482,252,150,407,146,2438,2375,75,6,3569,319,7,39,191,0,3810,142
2010-05,546,883,1897,1,0,104,203,140,0,827,60,111,2846,95,122,79,0,1182,1648,95,0,29,0,51,28,331,124,0,0,0,0,350,134,136,0,136,0,0,106,181,140,204,247,1158,0,46,108,1660,5916,233,0,0,275,646,331,9,334,140,160,16,13,207,1,5,1172,1352,598,0,91,155,0,0,66,275,159,898,91,112,0,345,16,623,111,525,268,157,406,148,2530,2321,99,12,3869,328,12,47,188,0,4096,161
2010-06,627,795,2100,0,0,100,239,206,0,895,66,148,3027,125,120,64,0,1205,1597,139,0,44,0,52,12,299,159,0,0,0,0,377,155,170,0,127,0,0,157,171,154,197,273,1321,0,64,92,1900,6135,324,0,0,313,667,306,9,385,144,111,15,13,301,1,2,1256,1735,513,0,72,136,0,0,106,270,154,1026,79,129,0,333,16,679,115,507,300,168,466,182,2942,2705,125,12,3982,411,8,55,182,0,4210,153
2010-07,839,934,2458,0,0,119,283,150,0,887,77,187,3469,143,143,75,0,1330,1687,84,0,39,0,65,8,283,177,0,0,0,0,358,163,208,0,147,0,0,151,196,180,216,282,1517,0,70,122,2079,6672,312,0,0,329,682,389,5,392,173,120,14,21,322,1,4,1309,2137,460,0,99,162,0,0,90,270,164,1264,71,116,0,424,31,709,130,506,334,213,522,205,3556,2563,143,10,4482,350,23,59,220,0,4422,201
2010-08,907,1022,2395,0,1,126,259,185,0,926,98,236,3600,215,131,102,0,1373,1626,89,0,72,0,76,12,316,198,0,0,0,0,407,154,241,0,149,0,0,141,217,199,254,281,1583,0,69,136,2227,6950,400,0,0,335,824,380,10,459,177,109,20,19,347,2,4,1375,2512,520,0,73,143,0,0,100,274,147,1233,91,127,0,413,18,729,156,569,348,190,573,193,3517,2513,110,11,5028,416,16,53,178,0,4616,222
2010-09,642,1034,2132,0,1,127,279,153,0,880,84,199,3630,272,154,76,0,1499,1603,91,0,63,0,79,15,336,161,0,0,0,0,381,163,171,0,146,0,0,162,188,188,251,247,1457,0,69,105,2133,6404,324,0,0,334,713,325,5,419,175,119,23,22,317,1,4,1295,2398,554,0,79,156,0,0,117,258,159,1220,96,121,0,401,27,742,159,540,366,231,521,181,3380,2600,109,10,4583,368,33,49,186,0,4642,206
2010-10,708,1111,2551,0,3,130,274,168,0,983,110,179,3665,321,141,103,0,1767,1598,96,0,74,0,58,33,268,162,0,0,2,0,371,154,173,0,153,0,0,153,187,191,264,302,1513,0,83,132,2236,6723,372,2,0,348,784,368,7,413,213,118,19,15,370,0,5,1182,2604,524,0,99,153,0,0,94,342,151,1160,97,132,0,424,29,785,162,589,392,200,506,225,3434,2795,109,22,4408,375,39,54,249,0,4935,197
2010-11,821,1316,2469,0,2,188,309,204,0,1110,97,202,4096,460,155,118,0,1728,1651,118,0,67,0,85,73,285,191,0,0,1,0,407,171,183,0,171,0,0,192,241,199,266,326,1583,0,72,150,2406,7303,345,0,0,398,790,383,8,467,249,116,24,22,320,0,7,1251,3202,665,0,119,173,0,0,97,308,169,1341,91,182,0,448,42,787,195,611,441,215,531,240,3194,3224,118,6,4993,457,43,50,247,0,5511,193
2010-12,779,1103,2374,0,1,163,287,201,0,1130,72,192,4471,541,162,124,0,1836,1589,117,0,86,0,81,68,226,217,0,0,1,1,459,161,212,0,157,0,0,172,250,202,290,274,1473,0,66,149,2490,7089,360,5,0,399,850,409,9,414,238,135,27,15,366,0,4,1229,3313,575,0,120,180,0,0,89,375,201,1433,89,179,0,351,43,788,185,561,402,200,576,287,3271,2987,112,19,5264,431,52,73,217,0,5585,189
2011-01,967,1062,2750,0,5,168,370,221,0,1401,118,201,4861,737,177,120,0,2062,1940,121,0,116,0,98,103,282,221,0,0,0,0,477,191,222,0,201,0,0,198,285,217,334,300,1777,0,107,170,2826,7971,347,10,0,488,1011,475,7,493,260,129,24,26,373,2,3,1437,3833,779,0,103,214,0,0,119,346,205,1713,103,202,0,478,48,881,195,558,507,279,719,384,3886,3311,109,33,6278,476,76,73,280,0,6437,187
2011-02,1064,1279,2876,0,7,220,366,208,0,1439,128,266,5048,789,200,110,0,2140,1843,154,0,135,0,94,132,297,224,0,0,0,0,433,190,241,0,227,0,0,235,284,225,331,294,1614,0,83,164,3036,8202,340,8,0,484,1063,509,8,575,315,210,28,31,377,4,9,1420,4569,756,0,128,220,0,0,108,396,215,1639,111,220,3,458,69,824,200,601,426,344,685,369,3948,3275,124,27,6564,527,79,84,264,0,6776,210
2011-03,1320,1655,3571,0,3,304,454,257,2,1945,147,367,6059,957,209,130,0,2606,2233,169,0,141,0,129,144,300,267,0,0,0,0,507,276,243,0,301,0,0,265,346,292,370,423,1771,0,117,227,3673,9959,422,14,1,589,1237,563,1,627,296,339,39,45,499,2,10,1572,5629,823,0,189,269,0,0,144,387,309,2250,156,282,1,531,64,994,249,758,580,644,849,449,4925,3972,154,34,7927,597,113,104,287,0,8331,223
2011-04,1506,1607,3187,0,3,243,457,230,1,1853,165,414,6175,1069,197,142,0,2200,2236,129,0,150,0,95,107,292,268,0,0,2,1,481,241,239,0,307,0,0,272,317,255,354,301,1568,0,120,236,3549,9249,399,13,0,567,1269,511,4,609,330,297,42,31,477,2,4,1445,5825,617,0,184,284,0,0,150,383,304,1999,132,221,0,559,78,884,244,653,504,508,771,400,4615,3988,131,32,7449,608,194,106,248,0,7785,202
2011-05,1707,1442,3335,0,4,236,460,219,0,1774,190,372,6517,1403,239,162,0,2335,2150,176,0,164,0,111,146,286,237,0,0,1,0,517,268,286,0,315,0,0,250,305,304,375,377,1780,0,99,224,3772,9953,408,22,1,670,1265,506,21,758,449,239,34,35,514,0,13,1420,6172,645,0,218,296,0,0,125,343,284,2215,163,241,5,551,88,889,240,649,554,441,814,441,4659,3685,140,28,7900,643,170,101,303,0,8413,239
2011-06,1608,1368,3317,0,8,256,442,261,0,1854,164,377,6878,1433,234,151,0,2283,2013,142,0,164,0,132,142,264,277,0,0,2,0,595,245,243,0,299,0,0,277,285,286,428,369,1760,0,130,202,3637,9706,410,13,0,626,1322,522,10,696,419,224,24,26,500,3,5,1369,6314,674,0,212,326,0,0,129,307,305,2313,142,254,6,517,93,750,246,601,532,546,848,473,4554,3626,164,35,7857,670,193,93,291,0,7766,229
2011-07,1672,1319,3490,0,10,244,449,231,0,1883,143,400,7270,1574,328,166,0,2321,1991,154,0,193,0,120,157,277,259,0,0,0,0,494,263,252,0,287,0,0,275,369,282,451,350,1782,0,119,249,4043,9546,497,21,0,668,1518,497,14,675,411,215,50,34,522,6,7,1458,6364,629,0,199,314,0,0,137,341,322,2383,135,241,2,537,83,761,271,587,488,675,877,405,4573,3665,166,41,8449,617,201,105,274,0,8022,234
2011-08,1812,1433,3654,7,7,255,603,267,0,2068,159,508,7988,1969,336,167,0,2617,2071,183,0,193,0,114,168,265,307,0,0,2,0,512,306,288,0,309,0,0,322,387,289,508,352,1797,0,131,242,4212,9991,415,35,0,639,1556,580,21,645,459,181,44,40,493,5,17,1369,6650,681,0,179,335,1,1,135,342,336,2592,147,246,5,517,93,763,296,637,580,643,923,581,4806,3756,188,37,8680,657,253,91,304,0,8527,241
2011-09,1651,1513,3379,11,10,310,543,306,1,1939,148,552,7354,1842,322,171,0,2370,1897,151,0,197,0,131,172,317,272,0,0,0,0,498,307,295,0,274,0,0,269,357,291,449,347,1753,0,123,233,3974,9229,364,46,0,619,1474,541,11,608,437,203,40,29,467,2,13,1213,6603,687,0,216,298,1,0,127,370,303,2429,151,247,4,513,75,747,261,591,517,616,849,950,4169,3754,155,48,7883,597,291,107,260,0,8213,209
2011-10,1801,1692,3461,16,9,299,504,306,0,1894,192,557,7168,2004,335,161,0,2381,1867,166,0,234,0,102,178,289,279,0,1,2,0,497,321,248,0,280,0,0,260,315,270,427,380,1731,0,109,209,3921,9138,406,31,1,626,1502,520,21,581,403,273,51,27,488,3,24,1154,6340,622,0,267,293,0,0,168,370,334,2406,151,275,1,514,79,700,258,573,595,655,842,829,3655,4162,168,28,7842,579,210,118,315,0,8413,250
2011-11,1901,1785,3680,20,12,314,472,334,0,2097,162,549,7779,2390,317,161,0,2385,1878,165,0,263,0,130,204,262,307,0,1,1,0,534,294,309,0,289,0,0,307,364,306,496,387,1901,1,136,256,4096,9831,413,38,0,622,1536,523,45,659,491,296,33,53,520,2,23,1173,7168,677,0,249,317,0,0,140,412,343,2507,174,255,7,502,76,765,341,645,649,672,901,795,4067,4246,169,58,8458,587,246,110,304,0,9467,200
2011-12,1781,1581,3466,29,10,301,523,308,0,1912,168,555,7492,2382,296,163,0,2212,1707,200,0,221,0,137,196,227,275,0,0,1,0,453,276,320,0,269,0,0,276,350,298,438,471,1791,0,134,199,4070,9234,374,49,1,666,1495,531,24,576,454,286,43,54,471,2,10,1086,6931,597,0,286,328,0,0,195,339,299,2506,153,293,5,503,91,616,346,589,663,638,935,772,3560,4165,162,39,8138,571,342,99,259,0,9033,189
2012-01,2137,1772,4007,29,20,330,624,295,0,2179,169,620,8638,2774,278,208,0,2556,1892,182,0,257,0,172,228,273,333,0,1,0,0,590,339,393,0,301,0,0,364,406,315,555,413,1857,0,155,236,4328,10307,411,51,1,730,1712,614,18,684,492,323,44,42,556,4,20,1215,7536,631,0,291,354,1,0,198,401,379,2856,175,324,12,629,98,782,367,649,690,775,1048,921,3930,4338,193,67,9048,620,404,123,293,0,9925,180
2012-02,2377,1932,4287,127,57,369,641,326,0,2268,175,753,8918,2837,301,227,1,2712,1915,218,0,291,0,188,274,279,370,0,2,3,0,543,391,383,0,308,0,0,373,389,346,572,387,2100,0,165,302,4887,10658,437,38,1,760,1869,636,20,660,555,413,47,55,570,6,12,1238,8290,693,0,316,346,0,0,232,396,371,3129,169,301,13,654,129,727,340,665,748,732,1113,899,3566,4842,249,63,9664,714,370,130,321,0,10763,239
2012-03,2239,2199,4789,102,44,375,677,357,1,2557,209,807,9442,3293,360,201,0,3006,2059,230,0,323,0,222,258,310,380,0,10,1,0,604,448,425,0,382,0,0,365,446,345,595,391,2397,0,235,318,5222,11456,427,46,2,828,1939,697,23,757,623,451,57,60,619,3,17,1259,9084,748,0,288,411,0,0,229,423,407,3056,199,333,16,646,138,797,406,703,883,919,1224,903,3782,4981,247,74,10572,716,469,166,304,0,12169,248
2012-04,2366,2144,4695,151,76,401,587,293,0,2462,219,758,9435,3180,297,217,0,2799,1977,255,0,319,0,198,257,251,357,0,9,0,0,542,354,430,0,366,0,0,397,424,369,538,387,2237,0,188,303,4829,11010,395,81,2,790,1929,687,39,739,596,483,47,64,584,3,20,1094,8454,802,0,318,403,0,0,179,489,407,3170,190,321,23,586,129,804,391,632,876,889,1114,823,3588,5083,217,61,10127,725,502,134,295,0,11821,225
2012-05,2398,2019,4885,166,83,422,681,347,0,2483,198,796,10264,3431,322,203,0,2883,1980,267,0,328,0,221,283,240,372,0,14,2,0,587,460,441,0,382,0,0,380,412,395,543,374,2332,0,217,277,5249,11464,430,67,17,895,2039,662,42,776,674,421,63,62,665,5,18,1282,8800,813,3,268,423,1,0,223,442,415,3447,204,362,32,629,161,799,419,754,788,894,1117,935,3639,4789,269,85,10665,830,511,147,345,0,11982,262
2012-06,2365,1859,5064,182,97,378,683,292,0,2550,192,883,10139,3350,339,221,0,2779,1910,240,0,315,0,234,257,165,349,0,14,0,0,585,457,488,0,392,0,0,395,444,340,581,345,2252,0,216,274,5171,11275,528,71,40,785,2089,674,45,705,666,381,57,65,619,2,24,1177,8842,767,6,267,412,1,0,229,438,407,3393,156,316,33,561,204,736,420,784,876,932,1076,788,3667,4441,252,88,10343,695,513,145,319,0,10950,255
2012-07,2838,1880,5523,213,123,445,741,375,1,2766,207,1018,11068,3647,379,262,0,3116,1969,248,0,329,0,270,290,184,410,0,20,2,0,630,514,494,0,425,0,0,428,463,407,689,362,2546,0,257,318,5272,12282,486,79,54,890,2332,714,37,824,704,439,74,61,692,5,33,1137,10021,849,6,270,468,7,0,319,406,443,3894,198,355,27,614,173,778,388,758,927,1016,1097,730,3641,5072,392,89,11481,798,577,168,312,0,12116,251
2012-08,2841,1833,5660,237,100,461,782,385,0,2699,191,1006,11189,3622,361,255,0,3020,2055,289,0,355,0,232,275,211,420,0,39,0,0,628,509,546,0,441,0,0,415,463,393,613,325,2500,0,247,292,5520,11919,534,95,90,885,2385,748,37,908,632,462,75,56,727,4,33,1147,9209,896,3,238,438,15,0,254,418,470,3901,211,350,32,671,181,776,429,804,907,967,1079,707,3322,4955,394,101,11657,760,638,167,348,0,12136,267
2012-09,2221,2061,5083,229,111,446,660,326,0,2571,180,988,10075,3510,442,214,0,2623,1863,254,0,348,0,194,291,210,408,0,35,1,0,585,492,556,0,414,0,0,402,427,369,583,305,2456,0,212,277,5001,11249,481,84,96,773,2162,722,67,748,671,442,77,87,645,4,23,1093,8737,905,5,269,392,12,1,216,469,428,3562,208,345,47,693,201,686,456,725,794,922,1071,645,3172,4706,340,75,10767,660,526,160,335,0,11493,246
2012-10,2799,2579,5946,259,134,550,747,372,0,2892,237,1158,11265,3972,435,255,0,3006,2094,347,0,353,0,251,296,283,430,0,33,2,0,632,655,638,0,424,168,0,450,463,418,677,395,2804,0,200,279,5485,12692,498,83,142,909,2437,737,51,871,737,577,81,81,718,2,37,1186,9408,999,7,340,435,14,0,279,530,542,3710,227,339,58,786,224,780,512,818,999,958,1281,711,3313,5676,380,92,11539,751,646,223,324,0,13351,288
2012-11,2561,2648,6170,275,175,455,782,458,0,2848,287,1248,11132,3821,418,234,0,2927,1863,285,0,354,0,278,314,264,377,0,39,2,0,638,548,660,0,439,75,0,406,459,459,636,361,2924,0,245,302,5456,12212,461,109,183,939,2470,750,58,777,736,708,93,119,712,3,36,1161,9176,1021,1,318,452,20,2,289,510,495,3732,252,325,55,827,237,744,514,761,950,1034,1241,637,2915,6048,358,110,11521,758,665,195,307,0,13459,268
2012-12,2450,2107,5569,257,182,455,733,343,1,2659,225,1129,10643,3400,381,196,0,2661,1736,300,0,323,0,199,274,278,339,0,39,2,0,577,567,630,0,412,54,1,410,398,397,570,348,2629,0,210,289,5024,10929,398,119,193,885,2228,665,68,712,679,539,75,92,622,1,20,901,9188,868,8,274,392,36,0,257,441,470,3675,219,313,46,666,220,619,394,680,887,713,1138,579,2785,5500,377,118,10828,627,635,186,315,0,12295,240
2013-01,2294,2388,6356,360,222,527,835,397,1,3222,237,1398,12465,4476,451,296,0,3143,1942,368,0,397,0,278,308,252,393,0,57,1,0,697,596,658,0,503,53,0,440,475,404,672,394,3077,0,288,324,5973,12735,466,133,356,1013,2723,766,52,865,817,577,77,102,766,4,44,1148,10743,1007,16,274,473,92,0,293,478,531,4294,246,369,67,867,263,821,509,845,1087,880,1378,582,2818,5842,395,126,12605,789,793,211,360,0,13558,297
2013-02,2160,2593,6505,413,227,455,813,397,0,2997,265,1536,12274,4153,469,276,0,3013,1975,305,0,428,0,282,319,275,412,0,64,2,1,575,680,668,0,453,47,0,441,489,464,599,363,3031,1,243,279,5584,12467,514,100,416,951,2603,712,90,948,815,633,100,111,704,5,42,983,9362,1100,21,325,414,85,0,327,509,571,4153,264,356,55,851,273,776,563,786,1029,739,1252,528,2538,5879,438,103,12307,783,766,231,381,0,13568,325
2013-03,2212,2873,7392,443,287,533,876,382,0,3335,321,1728,13772,4913,508,282,0,3456,2176,313,0,480,0,267,363,295,393,0,65,1,0,720,765,722,0,517,66,0,507,486,498,721,431,3428,2,276,350,6522,14205,610,118,562,1067,3132,876,75,1093,1017,795,103,115,863,4,53,1012,10587,1224,30,324,556,94,0,352,581,667,4767,346,394,84,907,285,767,646,963,1079,839,1522,562,2618,6938,473,145,13794,789,933,271,414,0,15770,320
2013-04,1966,2958,7654,459,322,534,857,442,1,3282,328,1714,13863,4778,534,282,0,3305,2206,308,0,449,0,272,377,278,440,0,63,2,0,714,865,692,0,514,52,1,509,469,556,633,413,3423,0,282,342,6347,13840,590,108,709,1052,3130,845,80,968,904,862,130,183,781,3,57,1097,10067,1158,42,339,510,99,0,359,466,657,4854,324,328,97,964,289,773,575,1004,1050,723,1361,586,2443,6909,520,160,13126,900,839,285,416,5,16065,305
2013-05,1895,2663,7554,465,291,602,836,467,142,3109,266,1672,13568,4814,510,303,1,3154,1998,338,0,500,0,312,342,278,451,0,90,1,0,633,802,631,0,456,43,4,496,436,511,579,431,3364,0,316,346,6201,13415,660,99,756,1088,2928,823,74,997,954,825,139,166,798,1,36,1020,10342,1166,30,275,557,200,1,330,462,605,4690,260,379,93,896,261,728,583,952,1094,531,1331,555,2271,6597,539,134,12838,867,945,236,400,2,15090,295
2013-06,1623,2418,7349,474,339,496,789,440,123,2997,247,1632,13261,4452,539,289,2,3090,1835,307,0,472,0,299,324,273,394,0,91,2,1,710,866,606,0,420,55,8,454,418,524,621,359,3209,0,300,289,5955,12737,554,96,765,928,2883,811,107,1001,901,725,119,171,838,3,68,1084,9697,973,23,267,496,288,0,338,462,582,4746,308,346,102,912,227,745,571,954,932,391,1225,494,1740,5950,601,133,12460,768,851,250,370,6,13766,278
2013-07,1869,2433,8344,588,371,604,893,447,125,3275,289,1826,15238,5113,547,325,2,3486,2030,384,0,523,0,377,379,277,436,0,94,1,0,761,932,686,0,450,63,4,467,489,512,639,404,3669,0,312,372,6510,14120,630,121,1016,1098,3279,908,123,1047,986,809,147,212,897,3,65,1103,11478,1059,35,251,613,231,1,337,440,606,5354,298,403,114,1093,268,742,635,1137,1160,329,1388,511,2001,6338,724,177,14054,834,976,227,417,14,15044,321
2013-08,1683,2412,7662,655,306,567,895,436,105,3380,275,1791,15157,4810,538,292,0,3679,1846,391,0,561,0,324,367,280,476,0,108,1,0,699,955,774,0,442,57,4,448,485,529,681,363,3470,0,297,307,6327,13794,574,156,1145,1088,3350,779,131,1032,1054,746,117,206,943,2,47,1038,10871,1125,47,254,559,250,0,349,459,640,5632,248,429,98,1044,227,772,666,1080,1153,359,1336,537,1946,6020,618,165,14027,838,1068,229,400,16,14885,349
2013-09,1754,2800,7709,695,310,479,918,443,99,3217,268,1611,16649,5233,610,246,3,3477,1769,321,0,538,0,357,348,246,503,0,103,0,0,685,873,730,0,429,53,3,442,466,546,632,347,3983,1,278,354,5711,13701,445,158,1121,1191,3202,731,132,760,1034,696,144,179,993,3,55,891,9587,999,41,297,525,223,1,379,516,739,6023,272,378,86,1044,240,604,623,1041,1169,485,1177,489,1982,6287,599,186,13081,919,916,220,345,25,16113,275
2013-10,1939,3546,9184,728,369,535,947,525,109,3511,353,1948,19080,6591,652,264,3,3625,1951,344,0,547,0,385,403,320,585,0,109,2,0,767,1144,832,0,513,51,3,496,611,589,739,371,4540,4,358,392,5843,15141,516,155,1250,1208,3388,733,128,849,1172,899,173,242,1140,6,69,999,9935,963,43,407,611,206,0,453,641,868,6405,329,395,116,1135,247,751,730,1151,1229,648,1389,536,1667,7652,764,219,13571,1030,1001,351,384,24,18563,312
2013-11,1609,3617,9180,599,370,490,989,457,103,3345,368,2013,17898,6817,649,278,5,3315,1623,368,0,525,1,337,342,330,599,0,118,1,0,727,997,747,0,495,51,7,431,563,590,628,346,4320,11,343,360,5193,14527,543,158,1270,1193,3260,812,117,773,1108,955,207,264,1089,4,75,881,9793,1032,34,404,584,165,0,433,587,872,6076,321,394,106,1051,234,600,784,1032,1279,404,1345,518,362,7832,744,226,13237,1054,1097,306,341,24,18570,255
2013-12,1587,2955,8179,666,353,487,787,452,84,3189,296,1766,17472,6333,663,257,6,3286,1622,412,0,508,0,332,285,311,509,0,121,3,0,670,890,661,0,456,73,6,450,435,600,660,333,4028,16,284,350,5089,13576,491,183,1216,1129,3226,757,142,696,1036,846,163,198,1053,6,80,807,9957,1051,46,349,543,177,0,425,467,790,6081,289,345,97,1006,238,545,662,1048,1199,368,1183,457,313,6706,670,200,12752,887,1174,276,350,28,17304,240
2014-01,1801,3144,9592,710,429,576,1046,451,116,3659,348,2171,20469,7240,634,315,13,3633,1860,440,0,592,0,395,396,393,641,0,149,1,0,815,1127,918,0,543,83,13,520,585,585,732,342,4596,28,352,410,5685,15279,520,196,1649,1315,3653,797,188,864,1213,879,195,166,1112,3,108,954,11363,1190,45,400,709,248,0,478,549,858,7342,286,404,155,1153,257,606,774,1134,1301,436,1463,500,331,7316,866,239,14817,1053,1357,305,380,43,18514,284
2014-02,1912,3340,9647,761,414,579,1028,527,107,3628,322,2437,20603,7302,639,316,25,3422,1771,454,0,653,0,363,424,349,602,1,130,2,0,769,1127,870,0,539,71,12,509,558,643,801,377,4434,15,366,402,5524,15069,509,216,1611,1276,3414,824,123,797,1310,998,218,216,1088,8,89,861,11220,1176,61,383,649,280,0,471,590,912,7153,316,391,182,1153,270,572,826,1175,1283,403,1310,434,320,7298,877,263,14625,1037,1249,281,411,50,19087,258
2014-03,2032,3853,11152,903,523,634,1089,560,127,4017,397,2610,21950,8114,700,355,27,3726,1785,527,1,700,0,433,461,384,585,1,181,2,0,834,1176,975,0,510,67,25,550,561,713,899,347,5064,33,374,419,5835,16104,587,190,2012,1471,3828,952,149,990,1435,1111,221,300,1174,2,112,896,12952,1244,46,433,719,350,0,479,591,1072,7593,356,409,181,1263,300,609,872,1137,1464,471,1462,490,347,8240,888,290,16273,1082,1466,314,404,60,21774,297
2014-04,1450,3395,10461,831,423,582,931,548,124,3863,335,2516,20750,7487,721,273,19,3497,1763,484,0,637,0,424,411,315,576,0,136,1,0,676,996,930,0,508,70,19,559,516,649,772,300,5060,48,352,442,5397,15235,515,199,1989,1287,3659,882,199,796,1361,1103,211,294,1093,4,105,865,11660,1171,61,426,697,370,0,445,594,1021,7227,353,400,226,1135,314,557,792,1180,1394,342,1291,490,168,7745,746,279,15640,993,1319,319,399,33,20676,284
2014-05,1257,2690,8986,782,395,659,871,463,122,3393,301,2397,19174,6817,687,210,40,3460,1612,464,2,577,1,425,387,302,531,0,141,5,10,692,1039,826,0,482,81,39,481,481,538,705,359,4381,56,369,339,4851,13805,472,229,2029,1197,3278,778,161,758,1154,972,181,214,1067,7,96,776,10310,1123,38,462,600,366,0,367,481,903,6726,257,444,221,910,286,501,749,1023,1192,394,1331,513,130,6478,816,238,13151,961,1427,257,322,55,17803,291
2014-06,1234,2280,8676,737,381,630,812,447,134,3039,251,2234,17707,6536,742,215,30,3162,1425,443,0,612,0,445,374,291,482,0,156,0,9,655,1054,663,0,440,55,50,405,500,516,617,324,4259,68,327,328,4365,12367,430,197,2089,1087,2811,649,177,735,1219,794,159,192,974,1336,84,716,9574,976,42,356,484,355,0,367,427,899,6125,210,382,184,887,258,454,695,975,1146,629,1138,418,158,5355,797,250,11599,930,1338,202,347,89,15819,218
2014-07,1178,2290,9664,878,384,784,1050,471,220,3128,275,2439,19487,7318,730,207,42,3338,1484,495,3,651,1,485,420,257,489,1,168,1,8,718,1130,810,0,482,80,56,481,513,552,821,333,4596,80,406,373,4728,13560,517,216,2450,1182,3126,723,279,797,1336,857,166,231,1111,819,72,744,11016,1108,62,406,533,380,0,419,392,853,6752,245,400,235,957,289,571,729,1124,1189,591,1198,459,129,5936,938,294,12724,965,1420,269,346,113,17283,257
2014-08,1009,2198,8867,759,378,611,886,421,169,2938,248,2276,17903,6556,682,220,45,3139,1359,368,0,605,1,415,370,294,531,1,144,2,20,672,996,847,0,407,61,63,387,501,529,665,326,4185,81,375,305,4353,12387,455,214,2440,1153,3018,643,244,733,1219,747,168,217,951,895,83,646,10031,1020,73,368,519,421,1,363,387,796,6190,218,410,240,850,292,510,717,948,1133,580,1228,400,346,5581,831,244,11780,846,1421,206,324,117,15671,287
2014-09,1048,2751,8543,774,382,663,960,472,153,3044,246,2218,17656,7340,668,184,46,2697,1258,436,2,629,0,461,400,271,567,2,156,6,11,742,986,893,0,445,57,88,383,546,493,670,326,4270,92,387,311,4217,12175,429,174,2454,1016,2805,654,235,749,1157,851,143,237,1026,952,98,662,9481,1056,73,353,513,437,1,411,523,775,6219,251,470,233,862,313,452,718,908,1178,802,1233,417,617,5920,741,277,11946,854,1365,243,305,120,16611,321
2014-10,979,3341,9347,779,377,618,908,461,178,3215,312,2543,18629,7656,647,214,61,2796,1288,452,1,645,1,446,387,322,543,3,162,14,11,689,1091,786,0,418,83,121,400,597,586,608,315,3708,102,364,312,4207,12176,407,191,2592,1077,2892,671,236,746,1183,1007,234,282,1144,1233,118,760,9396,1056,83,451,510,459,0,370,533,892,6077,261,397,210,883,303,426,756,1105,1237,897,1279,399,637,6534,837,250,12138,878,1427,300,331,147,17828,302
2014-11,863,3171,9344,774,426,647,842,569,223,3259,348,2547,17704,6881,702,213,83,2701,1198,434,1,594,1,367,360,317,481,8,175,7,31,726,1043,662,0,405,54,113,423,534,519,659,306,2965,104,398,303,4003,11517,408,216,2457,1060,2764,677,209,730,1142,991,181,308,1029,1273,102,642,9691,965,84,507,520,460,0,372,476,911,5933,302,387,228,881,300,414,742,1322,1208,762,1100,366,523,6268,731,275,11621,872,1392,296,317,151,17767,231
2014-12,793,2732,8830,709,411,612,764,476,357,2888,266,2208,16750,6273,694,184,88,2685,1168,421,1,633,1,420,357,288,459,7,142,7,26,576,909,667,0,372,57,88,365,479,520,543,241,2861,94,321,293,3638,10721,358,199,2325,929,2558,645,193,725,1036,789,163,275,908,1199,75,616,9733,874,68,458,482,472,0,335,460,830,5462,272,369,232,843,248,422,619,1055,1023,681,1039,346,476,5791,751,307,11006,802,1302,233,318,183,16306,207
2015-01,821,2731,9462,798,396,619,883,458,359,2984,250,2508,18273,6770,719,242,87,2828,1185,504,3,653,1,465,378,283,518,8,161,9,66,663,1022,847,0,409,83,137,372,533,586,502,280,3109,134,442,315,3821,11403,399,229,2615,1037,2851,753,285,785,1179,806,186,322,994,1445,108,604,9692,865,85,432,513,488,0,364,466,806,6143,255,389,270,925,319,408,712,1193,1225,599,1227,409,377,5860,965,283,12192,825,1433,267,330,217,16489,250
2015-02,777,2917,10000,851,443,628,942,476,325,3113,292,2758,18383,7026,696,257,168,2735,1193,479,0,664,3,489,372,268,515,5,199,20,53,690,1130,893,0,391,67,151,429,506,571,546,318,3056,127,377,307,3841,11463,358,212,2560,1090,2841,656,242,765,1200,966,211,342,993,1565,104,590,9424,1015,94,363,479,516,0,376,522,935,6050,274,358,321,785,359,415,765,1241,1246,731,1103,342,495,6172,932,322,12045,906,1539,280,339,217,16704,228
2015-03,805,3375,11350,929,522,753,1013,557,363,3397,328,3327,20255,7895,789,258,189,3132,1292,491,1,711,16,502,420,321,546,13,212,14,53,735,1316,836,41,435,87,244,505,573,672,517,306,3470,152,450,451,4354,12892,418,238,3090,1153,3141,882,255,801,1448,1111,252,389,1087,1688,156,638,10752,1048,100,448,602,534,0,426,605,1083,6702,313,363,362,911,375,461,865,1424,1420,775,1208,410,502,7020,1062,368,13242,974,1628,319,379,236,19690,293
2015-04,825,3483,11183,963,537,742,991,550,344,3298,313,3130,20649,8072,828,261,196,3039,1241,536,3,870,9,542,411,340,535,13,204,19,40,712,1208,862,75,425,93,265,471,577,620,511,298,3421,168,444,431,4199,12688,370,243,3071,1133,3117,844,237,755,1382,1208,208,387,980,1868,131,635,11108,1029,89,390,544,539,1,446,644,1074,6747,331,413,318,870,381,457,831,1359,1380,808,1240,449,451,6836,1046,356,13350,925,1711,296,364,258,19738,253
2015-05,722,3024,10954,1035,475,720,1016,554,343,3153,330,3172,21882,7791,813,245,209,3155,1293,535,7,850,28,489,382,372,579,10,209,12,88,705,1149,836,61,459,132,268,468,530,576,513,309,3316,162,447,312,4102,12931,340,289,3230,1090,3045,706,224,904,1460,1114,242,354,1074,1667,123,592,10778,1130,84,380,541,480,0,400,543,1045,6913,288,396,370,904,419,462,739,1324,1260,539,1174,474,376,6486,1204,385,12883,895,1746,266,348,258,18497,233
2015-06,739,2691,11526,1061,508,719,1059,537,393,3286,269,3167,22474,7973,928,269,264,3251,1321,541,16,853,35,539,431,359,497,29,229,17,63,765,1390,842,46,476,164,332,445,580,570,489,281,3341,200,461,338,4180,13117,354,281,3329,1152,3131,829,263,817,1466,973,224,330,1190,1870,166,675,10719,1182,104,321,538,523,0,433,514,1103,7080,217,365,374,897,421,525,783,1384,1445,621,1161,387,391,6200,1439,425,12745,984,1894,274,338,273,17750,229
2015-07,762,2436,12022,1119,533,761,1138,547,335,3434,262,3707,23945,8807,967,282,311,3398,1266,592,26,845,38,574,497,442,518,28,255,21,90,805,1388,827,53,473,168,405,448,569,614,490,297,3380,195,518,320,4159,13730,371,331,3579,1245,3306,724,283,912,1558,872,268,370,1198,2244,153,695,11358,1102,88,363,573,581,0,422,498,1043,7177,254,413,379,906,415,461,765,1404,1323,811,1118,436,494,6405,1474,491,13695,1001,1956,238,327,353,18412,242
2015-08,650,2183,10962,998,477,792,1114,493,406,3063,261,3247,22149,8311,913,229,317,3181,1240,545,24,744,49,551,417,519,478,53,222,12,88,788,1272,830,52,432,167,312,415,534,558,464,298,3215,203,450,309,3873,12878,337,300,3371,1122,3039,764,267,712,1413,795,214,355,1076,2100,145,636,10886,1087,104,327,584,546,0,351,487,1018,6954,228,421,368,793,395,431,706,1375,1153,666,1076,380,461,5570,1365,436,12689,905,1936,235,306,321,16824,240
2015-09,669,2702,10701,970,485,766,1038,535,326,3100,299,3125,21386,8499,990,288,353,2927,1187,560,20,763,41,508,466,514,459,54,252,9,98,755,1219,808,92,421,149,340,367,569,543,426,268,3067,212,441,336,3758,12529,284,284,3250,1107,2857,693,260,766,1348,721,201,364,925,1893,149,626,10287,1008,106,388,443,515,0,346,534,975,6832,231,432,360,810,426,426,648,1327,1192,799,979,355,393,5627,1092,441,12080,846,1890,289,322,327,16726,222
2015-10,662,3298,12213,899,550,744,1035,489,392,3192,366,3428,21804,8229,881,379,406,2872,1169,552,21,718,78,452,457,494,519,72,288,36,90,736,1300,829,143,383,186,313,353,626,634,380,318,3128,219,415,352,3868,12433,309,270,3513,1139,2897,731,265,870,1395,854,215,466,1022,1702,185,639,10742,902,109,459,515,561,0,427,584,1049,6636,289,368,384,825,417,410,771,1321,1339,728,1005,314,398,6725,1144,457,12315,919,1954,332,330,355,18300,229
2015-11,540,3244,12056,819,485,725,1087,543,355,3140,355,3309,21254,7326,871,352,466,2636,1035,538,34,721,144,532,429,438,496,87,276,45,134,703,1122,777,181,412,222,335,372,538,624,399,289,3040,256,447,292,3388,12035,300,248,3233,1050,2615,723,257,782,1408,916,261,488,979,1739,199,557,10071,895,139,381,478,582,2,405,530,1033,6332,260,391,443,756,416,369,717,1200,1181,549,898,283,321,6736,1132,498,11851,822,1878,349,302,383,17553,234
2015-12,531,2788,11385,856,467,684,972,489,377,3077,289,2966,21064,7001,913,368,533,2681,1081,546,36,773,268,497,389,450,498,80,246,42,167,642,1104,761,215,354,280,370,384,474,527,369,233,2956,232,390,290,3334,11787,313,262,3103,1117,2720,736,246,782,1427,714,221,457,912,1712,187,510,9625,905,161,357,458,583,0,402,466,920,6215,239,358,362,773,494,362,678,1294,1056,460,925,312,254,6266,1001,493,12219,776,1937,279,310,395,16338,250
2016-01,561,2718,12094,892,551,750,1146,467,423,3193,270,3298,22491,7416,832,397,585,3015,1052,593,62,803,557,546,377,498,493,72,298,52,185,754,1234,862,218,355,349,386,390,497,546,361,240,3125,281,420,317,3462,12039,283,346,3378,1103,2755,738,301,841,1456,758,264,540,1007,1875,201,565,10166,1050,165,337,459,626,1,386,483,964,6606,220,350,459,810,520,358,736,1322,1169,488,954,299,274,5817,1160,589,12902,869,2175,272,317,381,16391,248
2016-02,497,2952,12966,944,576,785,1114,519,457,3341,290,3372,22455,7301,911,428,568,2971,1196,669,60,916,590,608,425,453,512,86,314,76,175,694,1336,800,239,397,468,410,476,469,527,354,269,3314,254,460,340,3672,12359,320,344,3415,1121,2732,812,344,763,1594,842,269,576,1043,1927,206,594,10472,1049,216,366,476,681,0,423,465,1117,6594,246,415,471,795,625,442,844,1380,1219,549,1010,335,330,6264,1182,598,13171,874,2142,317,358,450,17632,267
2016-03,536,3079,13755,942,679,774,1079,538,517,3600,350,3783,24072,7357,1079,383,760,3001,1226,650,62,805,862,677,485,555,483,90,343,79,141,751,1273,824,273,381,500,499,413,551,601,442,249,3509,322,483,395,3488,13263,290,348,3423,1169,3026,850,367,900,1640,996,305,730,1107,2058,244,658,11652,997,255,423,527,813,0,449,540,1168,6941,294,442,474,862,615,371,857,1472,1296,609,1013,303,325,6725,1338,656,13430,945,2377,332,337,454,19645,289
2016-04,506,2984,13363,1006,673,805,1135,551,650,3473,340,3890,23434,6884,1029,312,756,3060,1155,610,92,829,898,641,421,565,479,91,373,61,142,729,1259,881,255,368,559,460,380,501,580,359,238,3427,309,440,382,3392,13354,316,358,3423,1160,3014,835,389,862,1692,883,291,674,912,1943,287,606,11229,1013,248,481,545,801,0,426,544,1080,6587,269,434,466,827,652,415,911,1357,1341,495,949,358,295,6586,1261,663,12819,896,2235,309,328,483,19246,255
2016-05,404,2428,12828,885,619,759,1076,529,570,3345,326,3546,22969,6645,979,301,801,2677,1190,612,65,830,1149,581,427,549,466,99,398,58,184,721,1311,857,321,421,634,520,427,441,521,329,252,3420,326,462,346,3388,13142,337,320,3491,1077,2900,862,381,896,1558,890,243,663,913,1788,335,598,10763,994,556,429,484,892,0,378,519,1074,6675,238,416,458,801,601,440,892,1345,1268,503,966,322,249,5863,1293,675,12828,836,2363,264,323,423,16756,250
2016-06,477,1998,12643,824,600,752,1113,492,545,3124,251,3652,22125,6750,985,328,864,2744,1136,716,75,883,1377,607,426,488,495,90,414,65,206,691,1573,766,319,383,630,540,394,484,496,368,210,3549,353,474,329,3083,12704,282,370,3365,1060,2704,790,350,841,1520,802,279,598,826,1981,369,609,10503,971,644,293,489,810,1,383,504,994,6377,225,374,471,731,575,368,838,1426,1197,618,968,322,254,5432,1524,654,12113,867,2274,296,308,481,15642,285
2016-07,401,2019,12513,885,647,752,1006,431,523,2915,228,3530,22188,6535,948,313,936,2593,1018,571,71,792,1365,599,382,495,447,86,442,42,252,691,1430,755,378,357,810,469,342,427,408,344,186,3149,361,415,307,3091,11677,270,344,3149,1009,2856,727,339,882,1551,714,281,613,779,1971,383,605,10636,936,589,288,463,697,1,400,415,986,6370,239,387,411,670,504,453,767,1386,1230,654,835,287,253,5201,1380,664,11399,830,2280,228,287,480,14695,241
2016-08,395,1918,12622,952,655,852,1115,510,516,3014,236,3550,22638,6506,1067,298,1063,2552,1017,655,123,873,1880,677,421,458,522,74,346,53,286,744,1465,849,404,382,682,547,348,397,420,325,257,3220,464,475,291,3209,12345,287,327,3215,1076,2852,732,351,839,1505,728,322,672,848,1898,340,587,10279,981,577,350,457,816,0,464,421,1039,6616,238,413,442,757,545,378,847,1537,1133,615,836,295,231,4765,1334,654,11433,822,2466,270,316,569,14953,248
2016-09,409,2261,12118,816,593,736,1038,453,471,2858,284,3115,20424,6770,1058,266,988,2398,889,562,118,808,2105,623,380,431,463,84,316,64,256,656,1291,789,373,372,607,521,328,431,430,349,208,3134,380,446,287,2864,10819,295,367,2782,1000,2640,699,310,817,1372,686,338,669,803,1789,340,526,9346,897,563,336,444,754,1,372,476,968,5914,275,333,395,665,524,313,756,1413,1063,717,882,273,225,4905,1051,643,10761,713,2197,261,280,519,14458,261
2016-10,391,2928,13250,742,615,693,1043,505,424,2798,291,3605,20422,6429,1091,289,979,2182,933,607,139,772,2525,611,342,464,437,102,358,63,289,685,1296,858,334,372,628,576,367,469,509,302,200,3352,419,440,328,2856,11111,268,364,2565,893,2612,653,336,841,1409,723,337,810,799,1842,388,546,8896,894,631,365,423,830,0,374,550,1058,5881,309,340,386,666,571,313,775,1387,1125,799,898,232,200,5704,1182,590,10836,703,2264,336,244,568,15124,304
2016-11,385,2949,13884,781,629,658,1022,525,406,2956,361,3391,20483,5959,1111,295,1024,2178,905,629,206,774,2385,633,365,466,426,112,425,71,306,628,1313,800,354,368,621,551,288,414,477,263,207,3398,422,461,317,2907,11347,239,389,2434,914,2665,642,307,798,1478,620,367,843,751,1843,373,537,8661,866,532,339,427,868,2,357,545,1046,5844,273,381,403,687,599,282,823,1366,1105,615,798,259,230,5824,1215,628,10566,740,2249,291,291,515,15417,327
2016-12,384,2538,12771,764,600,687,889,471,312,2636,279,2994,19770,5500,1000,275,1101,2044,803,594,203,750,2366,594,387,472,399,82,359,61,274,585,1288,749,344,332,641,552,304,347,441,274,184,2998,440,373,273,2722,10401,230,346,2336,921,2535,702,326,735,1336,595,347,825,640,1553,291,458,8504,824,592,325,350,801,10,354,469,987,5634,229,342,357,578,524,304,712,1289,1053,589,741,200,182,5006,1095,675,10225,627,2129,282,254,517,13683,221
2017-01,378,2459,13991,790,578,755,965,530,385,2965,293,3311,21368,5707,1001,332,1173,2197,872,613,255,868,2570,666,354,496,500,113,411,65,323,686,1451,900,475,344,752,488,330,457,489,270,213,3133,474,440,313,2961,11368,207,397,2403,990,2844,708,355,894,1568,643,351,802,710,1790,313,510,9289,847,607,367,425,910,12,308,514,1088,6055,254,354,456,627,627,328,792,1371,1055,590,844,269,184,5436,1429,740,11191,732,2422,270,279,634,14355,264
2017-02,315,2479,14484,765,614,750,1004,482,434,2951,312,3524,21161,5275,914,329,1218,2043,874,625,276,819,2838,675,405,513,451,115,399,61,326,627,1300,961,452,298,693,474,320,374,476,254,222,3204,497,400,300,2860,11195,276,385,2214,985,2822,720,344,921,1520,684,403,941,779,1678,348,487,8684,833,611,363,418,892,10,352,461,1086,6207,267,384,482,593,708,359,792,1410,1085,512,768,216,164,4962,1262,747,11062,756,2340,303,285,605,14359,265
2017-03,328,2716,16778,880,765,857,1212,577,490,3545,354,4419,23669,5959,1084,363,1400,2195,1040,711,353,859,3245,774,418,658,481,130,563,91,410,776,1595,934,629,337,811,581,402,425,524,331,209,3743,568,508,349,3129,12645,267,455,2417,1165,3162,828,435,1012,1764,877,477,1189,813,1911,474,633,10066,899,756,344,457,1049,9,457,509,1036,6846,319,425,450,667,790,398,1007,1646,1348,640,804,285,184,5942,1680,909,12376,865,2697,364,321,633,17067,305
2017-04,275,2596,15323,721,626,784,939,513,294,3036,323,4088,21202,5041,954,328,1376,1840,884,659,302,787,2939,625,432,535,471,147,469,76,325,640,1364,884,530,318,794,483,349,405,492,287,188,3292,589,449,363,2731,10791,247,374,2091,973,2619,736,330,892,1531,759,449,1079,759,1588,450,542,8521,868,666,316,419,960,15,413,503,1016,5905,295,404,401,618,687,311,875,1414,1200,534,694,242,159,5615,1341,755,10966,710,2424,308,246,657,15693,272
2017-05,324,2497,15846,817,647,829,1057,553,326,2997,322,4104,22369,5305,985,362,1619,1957,971,793,357,798,3192,760,452,555,418,154,486,200,346,729,1495,941,673,328,903,527,347,425,508,299,236,3693,646,521,347,2913,11657,239,376,2019,1035,2726,757,379,956,1653,814,449,1114,830,1635,486,554,8659,938,764,363,405,984,47,404,425,1085,6088,277,404,471,600,792,326,874,1541,1262,463,692,270,158,5044,1373,852,11540,763,2533,257,304,709,16107,283
2017-06,287,2157,15663,730,679,860,1050,503,248,2870,272,4245,21549,5498,987,356,1663,1792,863,690,363,730,3311,741,441,519,420,171,510,298,327,680,1503,934,667,333,874,555,338,390,459,267,188,3429,598,433,280,2772,10988,210,373,1801,1025,2693,658,363,935,1546,637,420,1131,707,1664,467,544,8256,789,693,295,401,941,33,392,426,1009,5928,240,362,436,570,810,365,888,1362,1115,586,632,238,167,4442,1584,890,10396,744,2618,298,322,732,14376,253
2017-07,287,1827,16603,668,583,810,1022,536,238,2836,258,4335,21575,5582,1041,381,1765,1873,867,697,415,761,3635,723,408,509,435,184,507,270,313,640,1461,899,718,284,915,518,331,379,475,290,150,3504,570,441,289,2670,10878,215,369,1671,963,2796,742,423,1011,1558,583,449,1222,748,1711,513,531,8799,792,788,287,428,935,39,383,414,975,5964,250,374,417,574,763,324,835,1367,1056,499,700,234,149,4800,1710,925,10429,707,2734,275,308,705,13896,266
2017-08,222,1797,16163,664,632,849,1064,522,243,2811,267,4363,21311,5255,987,380,1785,1725,813,699,425,757,3790,725,406,539,389,210,467,279,393,663,1512,908,691,330,916,516,320,403,428,310,214,3415,589,467,273,2591,10652,238,377,1454,947,2749,674,391,998,1482,566,443,1154,729,1678,633,530,8579,785,781,308,445,969,44,382,413,934,5982,234,422,455,516,785,334,791,1444,1056,448,646,264,104,4549,1646,872,10337,741,2692,298,287,760,13553,275
2017-09,235,1923,15177,590,573,726,880,451,205,2664,322,4055,18960,4904,955,287,1562,1515,727,612,452,650,3415,717,348,444,388,183,419,232,353,589,1302,818,686,320,837,462,309,389,439,280,184,3049,578,434,268,2320,9613,188,349,1361,807,2360,609,338,1011,1347,471,428,1212,683,1508,579,472,7568,694,692,338,359,840,45,343,409,906,4996,245,269,402,486,729,280,699,1280,1061,518,597,229,130,4250,1367,924,9529,602,2464,267,236,760,12558,254
2017-10,216,2536,16633,636,573,763,970,544,196,2748,364,4356,19829,4818,882,321,1726,1610,683,678,408,741,3560,741,364,435,389,198,443,287,364,594,1480,805,712,288,837,499,317,392,442,274,149,3339,608,403,287,2203,9970,219,374,1203,781,2469,693,375,913,1409,589,511,1383,719,1542,614,479,7241,699,851,335,326,828,40,374,444,952,5345,288,347,384,515,774,272,875,1316,1021,529,627,234,117,4955,1439,935,9598,648,2423,318,228,746,13821,314
2017-11,214,2701,16664,605,509,771,967,495,268,2807,400,4302,19382,4661,917,355,1749,1505,698,698,495,736,3749,712,377,445,361,226,473,349,304,591,1309,849,730,290,916,436,276,326,480,241,143,3285,648,397,292,2155,9556,171,381,1120,807,2483,647,408,946,1515,599,482,1342,637,1367,546,439,7730,659,748,393,364,897,39,373,441,1002,5235,260,348,336,507,679,265,800,1322,1007,456,573,178,93,4816,1371,924,9438,673,2579,354,238,777,13988,298
2017-12,192,2007,14656,487,416,664,793,447,264,2280,334,3551,16940,3902,699,308,1500,1343,609,565,435,701,3136,579,345,393,313,239,444,309,252,486,1101,646,701,230,788,375,269,281,404,218,143,2711,506,331,238,1870,8388,152,331,989,682,2135,537,329,852,1326,401,392,1296,583,1215,450,386,7090,586,741,329,328,838,44,327,343,780,4384,206,290,294,413,642,213,634,1133,932,345,442,170,80,4290,1106,819,8194,534,2258,265,213,673,11830,185
2018-01,183,1994,15944,588,424,739,1013,506,312,2515,298,4021,18879,4410,888,322,1721,1541,731,703,451,866,3490,685,333,450,345,290,469,302,307,523,1376,761,841,262,952,443,270,371,398,214,143,3111,711,463,255,1962,9137,161,404,1013,753,2268,683,351,927,1421,473,416,1282,677,1382,504,482,7114,613,882,285,314,1036,42,345,373,894,4795,222,298,316,380,745,250,798,1267,949,394,519,191,87,4512,1361,1011,9026,587,2699,257,245,784,12178,246
2018-02,185,1920,16018,476,438,689,925,478,293,2444,299,4326,17200,3724,841,260,1699,1320,576,581,478,769,3263,674,307,403,284,232,505,306,298,507,1228,686,717,234,948,428,267,330,379,213,154,2962,695,369,246,1785,8392,154,406,860,672,2168,613,386,915,1262,432,437,1347,657,1364,524,448,6525,575,869,281,259,983,44,303,333,715,4326,247,259,348,423,684,267,789,1227,850,390,513,171,60,4375,1161,934,8149,588,2517,306,222,777,11867,237
2018-03,164,2255,17660,405,484,790,992,519,457,2788,359,4936,19127,4154,1021,356,2045,1522,574,636,610,856,3639,760,352,452,323,319,592,378,324,528,1291,828,852,248,1086,573,280,336,460,210,163,3393,890,399,261,1854,9590,208,396,893,704,2340,699,408,1109,1292,455,461,1668,696,1597,665,467,7470,568,1002,375,290,1099,228,318,384,817,4615,290,324,386,450,859,268,851,1160,861,448,511,179,57,4983,1347,1006,8827,584,2768,311,269,928,13398,313
2018-04,165,2025,16711,344,468,760,817,498,376,2718,385,4579,17938,3708,959,320,1946,1421,617,641,577,711,3627,679,261,414,259,344,579,377,331,472,1228,739,879,235,1067,542,238,338,352,205,147,3363,871,403,263,1769,9053,173,394,818,725,2145,708,415,1080,1215,506,407,1502,623,1408,615,430,6905,510,953,322,269,1120,217,301,342,761,4281,264,285,359,396,734,277,789,1135,864,448,473,178,73,4451,1328,949,8025,560,2495,280,232,896,13309,262
2018-05,189,2160,17288,332,428,708,944,513,350,2565,356,4566,18048,3735,954,356,2094,1378,690,677,594,709,3764,644,320,405,300,340,585,409,412,521,1340,825,921,217,992,608,257,294,404,210,147,3513,897,423,264,1746,9740,167,390,819,697,2272,657,435,1296,1308,443,398,1758,715,1362,694,494,7050,580,1015,266,278,1063,294,325,360,728,4296,259,352,410,439,844,275,720,1117,871,376,480,162,56,4476,1391,995,8478,532,2693,292,217,916,13333,263
2018-06,151,1665,16561,297,373,635,916,457,400,2375,298,4349,17166,3280,820,346,2000,1255,571,613,603,583,3597,712,286,406,259,368,641,387,394,481,1347,757,904,205,951,485,237,306,360,166,132,3217,819,375,242,1537,8603,160,371,710,643,2255,542,463,1170,1140,347,401,1684,647,1286,709,419,6498,445,910,268,247,1044,320,288,337,668,3973,237,278,385,376,849,232,708,1023,748,331,479,146,39,3908,1350,999,7622,488,2438,276,199,931,11644,250
2018-07,187,1432,17662,316,361,719,925,492,383,2436,297,4246,17797,3620,808,334,1946,1223,632,654,644,778,3606,774,300,381,281,453,689,444,378,519,1460,789,948,207,1063,463,259,307,353,202,156,3353,932,355,227,1659,9193,164,425,622,652,2244,661,431,1221,1194,344,442,1827,703,1480,723,461,7019,540,989,257,274,1071,342,261,287,724,4269,219,281,389,387,835,294,693,1059,733,456,456,136,51,3731,1318,1098,7723,544,2618,258,226,986,11613,273
2018-08,178,1520,17472,247,376,697,932,474,334,2219,278,3933,17835,3498,700,360,2367,1177,565,614,755,725,3722,698,306,337,310,440,705,451,415,489,1546,759,855,211,1095,476,239,299,332,212,146,3297,945,365,226,1649,9292,134,373,556,685,2252,601,471,1246,1166,315,412,1920,711,1407,636,465,6755,549,885,250,276,1156,429,282,268,720,4053,258,287,372,344,837,273,723,1086,745,442,425,141,66,3708,1243,1099,7584,484,2608,291,249,962,11161,255
2018-09,136,1692,15779,249,304,671,788,387,357,2178,290,3651,15982,3206,735,358,2131,1093,518,633,672,695,3248,579,259,323,243,412,577,411,361,407,1278,719,955,182,995,443,209,281,337,151,119,2829,867,330,221,1312,8191,119,373,496,548,1958,581,448,1029,1023,330,367,1670,605,1276,595,380,6397,411,860,257,217,1085,405,271,278,691,3745,223,274,324,395,811,246,709,1010,704,439,387,110,44,3566,890,880,6947,431,2448,267,232,871,10564,272
2018-10,169,2275,17885,246,355,682,920,489,393,2380,427,4207,17386,3273,735,400,2391,1223,522,631,725,727,3541,727,317,336,283,516,686,500,425,485,2057,772,947,208,1189,460,245,311,400,178,178,3340,997,334,251,1477,9155,185,370,485,523,2062,542,542,1063,1183,424,424,1696,670,1338,618,446,6537,437,926,330,202,1056,435,296,365,722,3954,246,291,416,386,917,262,714,1129,819,397,431,127,47,4138,537,1062,7368,497,2638,323,237,1044,12355,328
2018-11,128,2320,17731,201,338,671,848,522,418,2315,361,4091,16152,2910,696,324,2174,1071,454,680,680,635,3199,664,285,291,236,482,669,484,361,432,1974,681,847,183,1026,438,223,281,387,182,137,3024,887,342,271,1273,8296,144,380,400,531,1803,562,464,1053,1142,407,420,1812,646,1249,689,433,6014,452,863,291,252,1047,366,283,372,720,3533,272,242,405,369,782,244,719,997,722,325,405,87,40,4193,376,932,6336,431,2393,328,226,946,11559,384
2018-12,108,2036,15471,171,296,568,729,434,378,1992,293,3307,14245,2683,651,310,2038,961,409,576,632,613,3010,535,215,244,215,434,542,421,369,425,1545,579,837,156,937,334,185,283,346,130,128,2631,860,273,216,1063,7403,145,336,375,436,1667,511,428,1017,975,344,386,1734,547,1128,553,346,5216,362,714,282,204,971,481,247,315,573,3297,226,222,286,310,739,200,590,899,515,256,426,92,38,3419,310,922,5609,346,2309,271,195,866,10307,257
2019-01,110,2078,16702,234,281,598,928,413,450,2250,249,3831,16001,2709,648,357,2464,1259,455,638,736,664,3313,677,253,313,216,507,584,484,461,456,2120,707,1024,153,1146,429,227,307,354,160,149,2910,968,303,241,1300,8564,177,376,437,494,2051,536,452,1222,983,331,356,2034,646,1268,656,380,5531,406,846,253,227,1149,667,267,298,585,3652,213,236,346,400,913,252,697,1027,638,292,424,95,33,3732,378,1059,6429,410,2639,256,193,1039,10909,272
2019-02,107,1877,17259,182,277,544,822,438,309,2241,310,4092,15663,2469,599,347,2507,1096,438,597,743,656,3365,623,269,295,218,486,627,451,392,476,1947,629,989,184,1199,394,207,291,332,150,135,3108,912,346,244,1250,8170,173,399,406,483,1939,538,419,1209,985,298,394,1923,635,1141,686,426,5320,347,795,229,209,1040,690,248,312,597,3482,239,267,370,432,946,198,707,1050,614,308,384,104,71,3588,382,961,6541,396,2387,282,197,890,10859,309
2019-03,107,2189,19615,199,315,642,911,464,135,2475,353,4313,17297,2697,696,362,2815,1150,465,737,886,674,3683,727,283,327,234,563,675,505,496,480,2145,671,1048,201,1205,431,211,279,402,180,132,3329,1002,355,266,1336,8789,161,379,350,518,2074,578,480,1379,1138,367,496,2234,693,1227,719,407,5918,390,839,251,237,1219,724,289,336,711,3966,282,278,392,406,924,234,775,1026,663,336,409,111,75,4238,393,1102,6982,450,2648,311,213,1111,11910,347
2019-04,151,2221,19539,172,262,555,817,482,127,2208,323,4454,16134,2610,704,340,2728,1006,403,666,828,647,3209,679,237,318,209,558,732,453,458,441,1841,558,995,202,1235,380,196,277,337,132,146,3066,947,321,249,1236,8916,134,391,340,482,1957,509,450,1286,1112,397,457,2527,674,1316,678,356,5164,359,778,288,214,1221,670,252,286,648,3599,248,246,332,435,843,224,764,1054,654,279,366,93,40,4217,421,938,6430,429,2634,301,173,962,11024,289
2019-05,118,1887,18616,149,249,557,788,492,132,2105,299,4150,16108,2623,685,327,2817,964,441,659,806,665,3275,817,267,323,201,534,769,470,558,451,2085,661,968,182,1200,385,202,246,380,136,126,3079,961,307,210,1250,8832,158,440,305,468,1913,463,459,1271,1074,357,391,2340,752,1284,672,352,5029,420,766,246,191,1175,911,258,287,693,3540,230,248,361,388,948,208,744,1032,680,286,344,106,60,3936,463,1033,6177,425,2655,258,189,1023,10939,247
2019-06,114,1558,16942,160,218,468,700,431,155,1877,293,3829,14775,2400,645,287,2579,887,374,616,796,657,3085,721,204,256,171,498,618,492,441,377,1917,612,965,148,1173,365,187,237,305,125,94,2679,890,317,180,1088,7420,165,360,242,431,1662,368,361,1047,1024,273,339,2129,598,1459,681,324,4910,369,725,183,186,1026,1054,251,292,597,3221,194,211,346,349,898,151,652,880,556,292,348,79,58,3503,455,892,5384,383,2368,219,164,897,9505,267
2019-07,102,1531,19454,191,221,552,781,415,379,2048,307,4046,16115,2531,727,323,2928,932,373,715,868,671,3249,732,247,252,214,536,845,523,514,453,2210,652,1177,163,1285,481,214,279,314,123,118,3085,983,308,200,1198,8245,156,406,239,473,1905,430,414,1282,1123,305,455,2655,688,1346,715,371,5624,403,782,195,194,1279,1241,299,240,649,3665,216,237,369,367,991,207,712,985,690,383,384,103,55,4027,500,1028,5943,402,2609,269,181,975,10678,193
2019-08,78,1411,17788,127,203,471,721,388,396,1755,304,3818,15179,2164,573,338,2876,890,366,657,862,629,2854,676,219,322,169,509,793,487,495,365,1858,538,1151,130,1181,412,177,269,301,93,134,2729,927,300,187,1056,7514,125,373,200,404,1921,389,429,1198,976,228,430,2480,658,1140,700,295,4911,327,687,171,154,1168,1396,234,238,598,3169,217,196,363,302,834,153,659,983,583,314,403,77,54,3134,437,1017,5211,362,2352,245,177,916,8964,215
2019-09,130,1838,16617,158,165,534,742,415,383,1759,322,3799,14840,2325,610,343,2827,881,358,670,798,618,2932,627,219,267,169,557,674,556,527,440,1792,487,979,149,1225,413,162,255,340,105,106,2931,905,295,178,1081,7673,142,377,195,415,1790,445,417,1221,935,233,411,2257,624,1088,608,338,4732,360,715,225,180,1254,1376,226,288,562,3122,188,222,417,314,912,182,613,767,569,334,317,74,63,3617,408,952,4978,359,2347,255,170,959,9565,235
2019-10,124,2228,20169,169,157,591,838,506,386,2156,432,4234,15944,2877,599,416,3060,934,374,792,940,680,3105,739,229,319,134,582,801,533,587,478,1808,531,1114,161,1230,497,215,354,378,116,105,3193,1014,287,215,1009,8222,138,379,214,459,1843,467,423,1200,1055,337,511,2434,702,1352,867,369,4958,319,726,268,236,1244,1331,251,344,700,3390,311,236,406,387,997,218,754,931,743,416,420,86,61,4657,408,1068,5416,419,2495,347,206,1037,11066,217
2019-11,116,2287,20309,165,135,549,769,467,344,2140,488,4145,15727,2579,568,406,2924,897,404,729,835,682,3094,664,229,270,139,603,693,545,542,534,1797,614,1092,164,1364,471,247,320,418,109,125,3205,952,304,234,975,7837,152,414,186,447,1710,576,408,1208,1054,320,503,2294,625,1217,818,387,4900,302,819,285,214,1221,1339,277,356,693,3391,270,220,358,318,950,151,637,969,657,438,309,70,63,4525,336,1061,5493,389,2537,335,181,959,10196,212
2019-12,95,1942,17863,130,129,537,717,406,287,1881,423,3594,14286,2214,489,353,2821,815,346,678,853,686,2730,583,204,280,168,484,739,503,550,428,1378,541,929,161,1207,361,197,285,388,106,92,2872,816,248,213,902,7052,100,399,181,380,1571,512,427,1109,962,233,457,1990,568,1212,731,324,4371,303,733,230,194,1194,1571,229,292,604,3133,265,221,328,305,816,203,591,841,567,358,295,82,64,4023,305,1006,4674,351,2303,271,189,860,8912,189
2020-01,104,1850,19698,148,107,577,817,408,385,2042,428,4025,15984,2476,544,421,3163,932,421,737,921,817,2772,706,251,338,179,607,812,575,642,524,1892,600,1162,165,1250,368,235,322,361,109,132,3059,938,302,195,1030,7627,101,483,184,384,1814,524,443,1304,1030,263,441,2045,586,1294,925,366,4830,355,882,207,228,1246,1620,256,326,689,3436,280,220,336,313,1000,181,649,871,792,414,345,74,84,4054,407,1171,5263,434,2710,296,238,1051,9825,243
2020-02,96,1774,19768,135,100,567,790,427,416,2076,480,4519,15716,2305,577,383,3175,810,400,796,894,794,2982,705,202,295,160,615,807,544,641,468,1798,623,1079,182,1360,352,222,322,389,96,110,3183,906,320,215,985,7533,116,384,156,398,1790,564,464,1216,1098,265,521,2154,622,1251,918,364,4649,338,740,176,242,1262,1598,280,317,759,3235,271,209,335,309,989,164,688,914,779,404,325,61,75,3912,352,1044,5084,390,2438,306,222,1055,9913,246
2020-03,70,2264,22350,189,83,585,928,505,470,2154,505,4965,17528,2414,598,457,3593,909,381,846,939,823,2926,757,232,314,178,609,782,626,647,543,1776,574,1076,146,1400,378,258,325,392,94,121,3271,1114,347,210,959,7641,132,483,165,406,2019,565,461,1350,1183,238,515,2226,662,1321,1001,335,4844,372,971,210,265,1326,1772,284,313,728,3584,302,245,373,353,1068,187,796,841,879,447,323,70,88,4473,334,1135,5050,400,2799,330,207,1143,10928,300
2020-04,100,2987,27256,220,152,686,998,522,560,2320,602,6004,20855,2722,723,489,4519,1016,428,886,1140,1081,3171,783,272,369,200,687,1000,712,758,591,1785,597,1341,194,1713,440,296,407,496,121,162,3582,1344,389,250,1317,8371,155,628,198,498,2331,665,554,1547,1294,337,639,2781,715,1614,1177,416,5262,395,1280,233,316,1525,2479,294,482,911,3967,368,273,388,398,1192,195,862,881,966,500,309,88,96,6018,398,1293,5883,486,3272,423,263,1233,12446,310
2020-05,114,3054,29047,187,154,651,928,537,542,2341,608,5836,21444,2813,727,553,4570,904,399,896,1140,1062,3076,792,265,355,175,677,1023,723,696,660,1823,669,1410,165,1719,500,284,382,507,114,148,3472,1178,353,269,1567,8400,153,674,169,454,2481,707,540,1761,1379,288,682,2704,715,1556,1165,400,5159,367,1377,273,302,1488,2759,267,433,861,4013,370,284,413,362,1144,229,801,830,1028,511,325,67,95,6208,449,1507,5788,451,3556,429,270,1269,11881,267
2020-06,98,2273,26767,176,148,644,898,546,548,2123,524,5272,19766,2463,648,567,4320,791,415,909,1046,983,2802,722,276,346,182,628,1031,659,652,581,1809,569,1281,145,1619,535,279,305,433,118,152,3355,1172,319,226,1510,7709,133,576,150,435,2291,615,502,1627,1239,209,670,2604,712,1447,1213,390,4730,344,1202,163,280,1335,2512,237,384,824,3680,316,264,391,329,1170,241,711,901,974,467,287,91,83,5405,406,1569,5281,414,3160,426,235,1195,10685,235
2020-07,116,1724,25896,200,136,641,880,492,472,1973,450,4755,19843,2457,578,521,4379,860,359,937,1031,946,2995,676,248,278,158,727,991,598,687,498,1758,560,1281,140,1598,560,266,326,396,109,139,3238,1230,322,223,1500,7616,111,558,168,404,2263,583,418,1730,1209,228,626,2436,645,1356,1186,364,4722,314,1148,191,282,1372,2353,251,368,899,3543,285,214,426,324,1182,212,651,863,891,429,290,60,73,4960,419,1627,5308,422,3163,356,216,1137,10298,175
2020-08,78,1576,22706,158,103,515,791,383,400,1791,413,4329,17997,2056,457,461,3882,716,360,872,898,940,2417,688,231,283,168,649,827,582,594,456,1470,527,1125,147,1457,428,228,264,430,92,118,2873,970,317,207,1282,6868,125,574,116,344,2153,454,479,1447,1072,168,494,2159,596,1315,1128,349,4100,280,1119,156,230,1191,2437,215,388,877,3194,294,235,368,306,1000,202,602,693,730,315,243,70,65,4582,331,1494,4454,352,2947,296,189,1120,9224,142
2020-09,79,1774,21476,129,92,509,766,395,383,1813,415,4607,16747,2167,436,454,3822,603,334,804,916,840,2316,722,224,275,138,547,819,602,609,427,1390,532,1055,136,1441,386,190,297,400,93,124,3055,996,277,185,1168,6310,110,464,124,333,1945,398,504,1214,1033,183,498,1862,522,1196,1158,360,3889,276,971,165,232,1155,2161,246,356,824,3021,275,202,349,304,1143,179,591,749,709,371,269,66,49,3750,323,1290,4265,316,2696,309,199,1015,8826,191
2020-10,96,1974,22574,131,97,433,806,431,499,1840,418,4919,16393,2015,528,461,3704,658,307,784,867,705,2174,639,166,226,112,633,740,611,530,373,1279,524,1051,133,1484,361,235,255,470,96,119,3134,926,269,164,1163,6014,109,454,117,298,1993,437,408,1194,1004,236,581,1862,506,1086,1234,330,4010,205,885,211,232,1078,2307,245,376,864,3121,288,190,405,306,1054,166,662,650,721,332,243,69,51,4172,324,1302,4101,362,2586,363,210,928,8831,183
2020-11,90,2213,21879,106,85,408,741,376,464,1771,508,4655,15486,1758,391,409,3525,568,271,734,833,755,1872,648,179,254,147,543,764,594,531,334,1260,452,1007,99,1336,313,232,274,478,89,132,3070,833,230,199,1054,5845,91,408,82,312,1764,412,370,1115,927,240,550,1709,456,1038,1243,311,3630,228,849,218,223,1071,2166,224,323,885,2628,329,215,326,252,952,139,626,599,646,320,242,56,49,4160,308,1159,4133,371,2396,343,182,891,8385,175
2020-12,69,2157,21902,142,76,435,742,376,342,1666,479,4234,15988,1647,379,477,3670,627,268,694,867,756,1898,603,179,283,182,515,757,583,525,401,1276,478,951,108,1279,370,208,294,395,88,129,2881,830,235,197,1110,5577,89,480,63,356,1895,467,374,1244,951,209,493,1745,441,1073,1222,285,3650,221,770,212,201,1126,2173,213,323,885,2784,339,176,334,262,868,128,526,568,715,310,234,53,42,4289,289,1158,4254,330,2541,328,192,860,7709,211
2021-01,57,2152,22565,153,74,489,789,323,411,1652,483,4211,16846,1790,394,424,4070,694,238,786,857,824,1900,616,208,266,206,563,714,574,586,431,1468,509,1046,154,1443,357,230,371,318,98,137,2761,870,269,176,1132,6063,102,495,90,310,1992,514,403,1350,1006,195,463,1734,423,1135,1216,328,3764,224,947,192,207,1112,2251,221,297,872,2929,334,149,285,274,946,139,540,692,711,283,250,62,55,3960,315,1306,4214,323,2660,328,209,1028,7913,164
2021-02,57,1862,21174,122,56,397,772,385,262,1534,440,4198,15250,1784,389,452,3540,641,251,818,778,705,1812,689,228,250,165,573,714,516,529,398,1422,466,968,118,1355,407,201,310,339,65,139,2715,872,222,204,994,5667,93,419,62,251,1865,431,395,1171,950,220,468,1629,467,1107,1231,369,3325,204,787,150,202,1031,2248,224,318,776,2547,306,177,331,238,942,139,559,647,748,312,261,55,49,3966,356,1280,3931,333,2427,273,186,998,7495,208
2021-03,87,2109,23527,130,77,519,855,436,352,1796,491,4996,16735,1879,450,510,4263,642,289,841,971,801,2142,725,232,304,183,630,960,589,643,479,1596,613,996,144,1568,380,239,349,388,92,182,3167,998,291,206,1101,6234,104,497,102,334,2039,568,542,1280,1036,226,559,1877,558,1170,1383,355,3760,226,986,188,224,1091,2727,225,337,895,2971,321,191,348,321,1076,153,646,646,871,282,235,54,55,4171,371,1378,4288,365,2809,331,228,1127,8562,374
2021-04,80,1932,22132,123,76,442,678,433,380,1707,414,4664,15829,1659,372,456,4022,677,248,808,883,794,1844,656,205,284,151,544,753,576,529,419,1286,502,985,116,1487,336,225,263,353,103,110,2955,888,256,204,1018,5772,85,427,83,251,1914,520,468,1216,930,218,514,1739,476,1029,1294,334,3474,216,977,187,191,1056,2451,230,295,839,2765,315,214,332,310,926,150,593,578,732,291,236,51,60,3813,320,1221,3895,318,2446,330,189,927,7826,282
2021-05,64,1704,22076,91,63,402,717,415,436,1619,426,4542,15786,1448,362,494,3889,602,264,780,836,750,1877,625,157,273,114,538,711,565,458,418,1298,486,1003,101,1479,338,186,323,359,101,132,2839,889,259,173,952,5608,82,481,75,295,1880,513,468,1223,1008,153,501,1523,452,924,1293,312,3559,186,947,211,215,1017,2659,193,308,826,2733,321,179,322,209,950,108,550,531,688,269,214,36,47,4025,340,1150,3772,330,2692,319,163,974,7863,267
2021-06,79,1561,20594,105,66,422,742,319,373,1552,412,4165,14974,1499,319,461,3733,535,292,766,865,756,1922,632,172,238,129,545,788,611,496,401,1327,426,928,111,1432,295,186,256,340,78,85,2987,918,254,194,1018,5503,114,457,98,305,1793,451,435,1214,983,139,446,1319,419,819,1347,334,3533,215,895,160,207,1068,2614,214,270,724,2570,255,168,294,232,972,112,551,612,733,273,205,43,39,3695,331,1245,3606,327,2405,285,146,933,7497,312
2021-07,62,1358,20324,97,58,360,648,330,426,1507,364,3930,14733,1543,312,388,3717,555,259,728,809,721,1879,646,170,237,99,592,750,593,452,382,1332,473,884,97,1411,330,169,235,283,62,96,2802,869,228,175,984,5086,83,405,69,233,1898,464,434,1236,916,135,486,1350,476,961,1281,315,3295,193,851,133,207,968,2359,197,266,708,2689,265,163,251,180,849,117,493,482,657,254,188,45,49,3368,336,1240,3488,305,2399,301,182,927,6864,328
2021-08,53,1287,19601,110,56,387,672,327,395,1356,345,3920,14600,1413,323,421,3763,548,259,782,737,737,1768,698,185,231,130,536,688,565,428,412,1309,435,825,98,1486,325,195,217,291,63,98,2776,820,241,138,944,4974,78,442,74,213,1829,154,537,1196,873,113,404,1258,444,946,1267,348,3373,179,800,131,166,978,2489,213,251,712,2626,240,171,268,212,898,126,505,470,698,208,206,58,42,3134,309,1191,3460,317,2346,256,130,975,6667,340
2021-09,53,1433,18768,98,47,372,658,362,343,1481,364,3792,14384,1342,316,316,3970,512,271,760,819,737,1784,658,173,232,121,518,615,592,443,367,1159,460,904,97,1466,318,183,225,321,54,106,2632,836,208,150,811,4936,75,450,79,226,1673,442,464,1035,857,144,361,1078,417,780,1206,295,3346,172,785,124,132,940,2577,215,314,734,2469,253,177,261,183,917,123,475,511,591,235,189,46,36,3486,251,1206,3305,280,2243,255,148,970,6524,323
2021-10,57,1742,19609,85,42,343,650,335,290,1374,390,4069,13798,1396,355,420,3655,466,222,822,741,692,1568,614,166,220,122,556,664,563,374,423,1120,444,816,100,1554,287,149,212,331,84,114,2470,748,228,144,753,5166,78,394,52,208,1735,364,515,977,805,122,450,1106,398,747,1203,332,2997,168,720,242,147,845,2340,166,288,705,2459,278,154,234,214,891,130,562,555,590,252,184,48,40,3595,236,1217,3170,277,2189,294,169,883,6452,260
2021-11,63,1855,19852,98,46,382,631,352,288,1373,441,3909,13449,1242,304,391,3584,487,226,773,749,704,1500,612,175,249,141,491,661,606,402,389,1254,374,767,103,1540,311,165,214,349,58,103,2621,800,204,129,695,5492,50,352,54,242,1544,405,478,962,810,178,445,1092,384,769,1364,356,3037,153,719,250,172,840,2163,215,307,726,2441,294,151,220,184,853,119,631,542,678,241,173,52,38,3670,254,1067,3106,275,2089,275,149,869,6777,242
2021-12,60,1732,18832,97,49,350,593,273,330,1319,353,3413,13052,1111,290,354,3534,428,246,714,627,668,1517,583,167,242,113,509,633,574,432,353,1044,326,779,103,1417,304,148,203,303,66,113,2432,741,192,141,680,4929,59,388,51,184,1621,378,498,975,793,134,397,1029,329,712,1157,332,2815,152,648,189,169,754,2195,167,294,720,2225,272,145,214,201,765,111,526,475,624,229,169,38,38,3427,231,1161,2905,256,2186,270,145,893,6092,265
2022-01,80,1603,19512,95,42,364,638,288,383,1356,371,3709,13937,1327,277,440,4024,493,218,706,644,714,1591,645,185,243,118,551,648,589,415,396,1237,283,957,105,1620,331,171,235,309,77,101,2364,826,200,158,716,5165,81,409,44,196,1642,400,539,1196,833,134,390,1099,316,873,1187,388,3201,161,695,165,156,720,2583,180,286,780,2371,265,141,243,175,823,104,619,490,623,238,195,31,41,3471,250,1237,3050,276,2283,272,167,926,6342,140
2022-02,33,1388,19095,83,44,351,637,251,288,1269,365,3813,12794,1291,247,257,3689,499,220,713,609,630,1527,587,181,223,123,511,694,523,362,382,1253,340,847,88,1535,329,137,200,287,64,118,2516,755,179,110,606,4981,68,360,53,160,1529,361,459,978,843,118,335,1033,349,831,1358,298,2956,166,681,213,153,791,2614,194,251,699,2231,231,123,263,200,910,94,560,444,624,207,181,35,44,3058,248,1179,2817,276,2116,233,158,860,5830,98
2022-03,47,1627,20550,89,51,394,653,336,341,1414,419,4361,13580,1363,280,427,4070,528,252,830,662,708,1587,686,157,265,119,548,830,615,404,442,1292,382,916,123,1651,314,142,227,358,77,87,2685,780,202,139,689,5569,74,402,64,174,1647,434,549,978,882,140,392,1218,346,894,1565,412,3053,186,710,131,196,835,2894,226,272,801,2420,288,145,279,210,949,145,599,497,713,265,201,39,27,3397,310,1230,2822,286,2247,280,160,896,6475,134
2022-04,56,1506,19690,70,40,329,557,287,320,1317,370,4051,13474,1089,259,372,4090,489,200,699,668,646,1355,680,153,237,114,415,685,548,377,377,1136,367,811,113,1487,248,141,185,318,55,87,2444,760,184,145,636,5089,67,352,49,175,1657,387,515,874,799,141,389,1050,299,800,1265,309,2745,138,715,139,134,723,2302,178,248,705,2159,253,138,255,172,820,119,617,468,644,212,183,32,33,3363,219,1033,2845,264,2114,286,160,923,6261,114
2022-05,41,1478,19267,80,55,336,558,322,286,1442,342,4007,13312,1163,252,411,3964,474,213,777,580,717,1502,639,157,253,117,490,722,530,409,358,1245,373,824,85,1577,302,176,182,267,43,87,2498,818,203,133,630,5399,62,407,33,179,1620,384,423,852,801,179,375,1081,311,759,1371,351,2778,143,708,147,155,749,2598,177,244,677,2198,232,120,287,175,878,90,548,437,608,224,185,46,31,3418,259,1020,3048,290,2186,259,142,944,6386,100
2022-06,49,1324,18618,62,20,356,554,305,290,1286,345,3776,12631,1183,234,360,3778,437,254,777,544,663,1491,609,147,231,100,487,646,605,348,328,1266,374,756,95,1529,270,154,196,282,51,79,2396,821,187,129,582,5198,86,345,53,171,1613,398,471,770,802,109,413,1014,330,783,1353,382,2651,157,497,112,181,785,2690,168,215,692,2185,219,114,251,172,977,100,532,465,632,200,192,33,27,2968,260,1000,2889,260,2055,231,138,901,5638,90
2022-07,39,1155,18875,71,34,368,614,304,267,1276,296,3529,12750,1149,230,419,3845,466,222,737,578,605,1437,578,140,239,69,496,641,611,366,334,1290,388,797,85,1636,283,167,181,285,46,90,2273,772,192,84,535,5118,95,378,38,162,1495,338,481,928,753,105,378,1020,418,735,1237,355,2698,154,495,134,162,761,2793,209,244,709,2139,198,136,249,196,938,74,571,443,651,231,176,45,31,2876,229,1008,2764,288,2093,223,165,929,5326,99
2022-08,43,1229,18529,60,28,396,631,240,261,1228,301,3669,13068,1117,231,440,3708,491,234,736,539,661,1411,632,146,243,113,565,681,577,383,368,1301,375,800,101,1675,251,161,184,299,44,88,2403,788,230,120,571,5379,80,398,21,151,1630,381,560,851,805,147,387,1044,379,763,1292,431,2983,175,517,106,147,741,3098,177,217,786,2120,251,132,208,162,883,85,527,476,631,183,164,53,40,2838,259,1161,2812,245,2044,267,135,872,5224,109
2022-09,46,1320,16932,70,30,307,533,243,206,1113,305,3434,11886,1146,230,384,3320,453,171,736,567,558,1238,583,145,209,105,458,578,512,345,336,1138,390,752,83,1596,233,135,145,297,60,88,2342,670,169,83,497,4904,50,315,31,157,1518,340,565,860,742,122,334,1000,456,778,1285,386,2492,151,470,135,157,724,2618,162,232,705,1991,209,145,231,156,913,107,458,418,620,250,168,33,37,2680,221,1002,2564,229,1702,255,148,894,4986,108
2022-10,45,1604,18374,66,24,334,593,240,205,1204,391,3801,11662,930,231,377,3354,415,210,767,533,652,1195,674,127,216,106,443,587,533,345,344,1212,387,672,94,1566,307,155,184,298,59,97,2329,714,148,101,505,4949,52,324,33,172,1488,362,492,788,704,123,391,858,491,753,1201,374,2508,134,510,152,133,690,2628,180,241,788,2075,276,126,216,155,854,101,487,401,624,195,172,37,32,2840,234,972,2492,247,1857,288,172,820,5236,95
2022-11,54,1723,18741,58,36,345,574,257,193,1222,408,3907,11759,1019,240,416,3475,491,220,809,563,662,1299,692,127,207,75,419,643,537,326,337,1264,406,761,88,1571,275,139,203,322,71,84,2394,727,168,79,473,5072,72,348,16,150,1506,359,483,785,822,122,396,1028,402,758,1299,424,2588,173,452,202,160,671,2783,201,247,762,2032,269,131,236,173,884,107,512,414,612,202,179,31,26,2862,221,1032,2525,265,1899,300,157,863,5351,84
2022-12,28,1495,15765,43,35,354,460,208,169,1068,327,3106,10308,895,221,331,3189,351,192,724,483,621,1219,567,139,179,74,419,564,493,322,301,1011,290,826,99,1567,263,153,161,291,54,57,2005,805,146,124,435,4578,61,331,31,118,1402,319,416,816,694,104,305,924,311,688,1059,414,2261,134,430,118,139,618,2464,163,193,649,1957,263,113,177,146,760,73,484,358,514,155,167,24,33,2523,197,966,2116,197,1801,264,130,783,4740,65
2023-01,26,1220,14912,42,16,386,573,245,178,1002,256,3181,10086,871,190,342,3185,385,219,752,507,590,1190,623,132,174,100,421,506,508,311,380,1263,345,710,86,1497,246,149,208,248,70,68,1979,778,154,107,416,4630,52,331,45,112,1367,318,496,731,701,101,293,848,334,680,1005,384,2369,138,420,114,115,606,2572,169,195,550,1820,208,142,194,166,890,95,492,433,560,121,162,20,29,2341,194,1032,2309,214,1794,241,145,789,4649,102
2023-02,26,1069,12962,36,27,382,453,235,164,798,185,3178,8521,843,172,313,2884,369,185,706,397,481,1120,540,140,152,74,441,465,469,283,334,1060,284,667,59,1419,266,103,191,215,52,85,1800,799,161,91,403,4058,54,259,27,103,1254,246,469,549,614,89,208,812,300,587,874,340,2048,116,371,80,109,513,2139,170,146,455,1612,174,137,164,156,788,93,416,385,468,118,143,38,20,1977,199,915,1833,193,1571,156,123,700,4046,75
2023-03,26,1011,12729,47,27,348,487,221,163,857,168,3217,8546,787,177,335,2747,322,214,714,435,502,1100,539,138,194,94,484,415,449,358,368,1091,277,606,92,1438,242,110,166,183,43,89,1882,800,153,91,369,4161,65,253,19,90,1193,279,430,582,610,93,231,803,317,661,848,335,2139,114,406,89,116,527,2093,128,157,453,1666,187,131,192,152,818,91,409,418,428,116,128,38,21,2253,191,1000,1712,209,1437,161,151,809,4415,96
2023-04,20,1018,11746,28,21,304,459,189,184,636,154,2889,7896,883,174,317,2830,317,186,640,380,422,1096,446,113,151,88,409,349,453,286,344,860,343,647,53,1318,213,149,183,157,53,96,1438,761,152,91,361,3630,39,323,31,100,1095,288,357,625,472,135,226,833,186,564,577,341,2298,102,396,72,105,521,2000,118,124,347,1541,164,137,198,101,753,109,311,336,413,162,98,37,31,1852,186,934,1676,186,1592,109,135,791,4215,74
2023-05,40,909,11617,41,19,390,465,186,193,499,128,2756,7713,850,148,342,2830,305,205,639,507,463,1247,430,169,189,90,383,313,492,275,387,952,436,682,81,1347,239,148,155,137,59,77,1545,815,148,98,402,3736,33,265,32,130,1099,283,299,666,522,119,189,768,195,523,532,388,2494,113,375,63,116,519,2031,120,127,320,1591,121,115,208,138,792,98,311,312,446,149,115,40,36,1714,199,939,1782,191,1667,137,105,792,4106,76
2023-06,20,785,11073,35,16,346,451,204,203,481,159,2560,7450,995,128,103,2886,258,223,616,380,454,1100,432,127,166,95,415,326,465,275,372,1027,421,664,70,1182,241,137,152,134,60,90,1557,789,163,57,299,3695,35,282,34,91,1081,289,374,572,470,122,176,727,185,586,498,383,2468,112,375,56,105,490,1939,101,131,313,1391,129,129,202,125,772,92,244,290,492,192,112,62,36,1721,201,950,1728,174,1634,105,111,790,4194,51
2023-07,28,797,10941,21,22,342,444,165,187,483,125,2270,7484,1073,118,0,2762,289,198,538,405,426,1121,402,118,194,113,436,309,408,280,367,951,388,703,79,1302,224,125,182,114,56,70,1286,827,152,56,299,3776,47,305,32,91,1161,287,387,578,481,122,162,829,161,597,516,352,2324,96,386,53,105,468,2006,115,129,324,1372,97,110,226,125,749,72,261,265,504,160,96,55,32,1764,162,926,1577,178,1615,83,124,861,3969,70
2023-08,32,763,10090,35,24,332,395,210,198,383,96,2269,6736,897,146,0,2742,275,168,534,403,422,1130,432,123,180,80,398,225,436,300,308,985,363,678,66,1327,216,86,164,104,58,79,1242,753,163,77,273,3571,34,250,19,113,1067,250,345,570,413,100,140,684,195,546,416,364,2377,97,301,70,93,440,1973,88,118,271,1305,115,132,175,117,727,93,289,281,417,149,83,36,27,1589,141,859,1620,171,1503,93,110,722,3766,39
2023-09,22,762,8524,25,13,301,407,197,159,382,109,1968,5672,924,100,0,2264,248,181,557,318,356,966,347,123,151,79,299,184,401,250,297,899,308,630,44,1089,177,107,163,118,61,73,1156,657,139,73,230,2983,45,204,24,80,830,221,304,561,428,91,101,540,193,443,363,350,2177,94,303,43,90,440,1671,103,106,232,1101,118,109,172,92,683,77,276,238,354,150,95,27,36,1424,118,729,1551,163,1386,80,114,718,3265,40
2023-10,21,852,8897,31,20,305,394,183,171,400,95,1973,5438,922,148,0,2238,243,180,512,337,309,942,371,124,145,70,307,208,351,229,333,938,325,629,59,1050,196,112,151,107,62,124,1123,688,123,105,238,3122,37,189,21,80,851,251,313,478,341,104,124,601,138,500,351,324,2175,94,234,54,99,449,1627,98,104,268,1240,102,93,174,115,746,76,245,272,352,197,89,55,35,1627,149,720,1390,163,1179,87,123,588,3355,28
2023-11,19,822,8379,16,13,270,352,144,141,350,104,1934,5183,868,101,0,2112,234,157,509,284,268,951,382,125,169,51,289,200,386,254,286,944,304,527,49,976,151,83,140,105,39,83,1112,606,99,80,236,3043,28,193,43,72,747,214,305,479,369,109,140,541,120,453,335,405,2054,88,266,57,84,443,1515,65,133,260,941,81,105,168,88,675,67,203,258,329,139,70,48,22,1402,147,717,1276,127,1118,66,84,562,3235,52
2023-12,20,766,6926,20,12,214,290,143,126,297,66,1561,4761,745,76,0,1861,200,136,412,260,225,808,287,83,140,45,234,164,333,242,227,711,245,439,43,875,149,79,112,70,33,53,919,571,111,82,185,2598,40,169,22,63,681,202,229,444,286,81,80,475,122,380,259,332,1847,72,207,48,58,403,1431,60,95,212,900,65,65,98,84,585,67,169,175,264,115,77,39,24,1375,125,632,1108,123,1016,66,82,553,2505,39
2024-01,17,721,7692,29,9,238,323,165,154,324,70,1755,5125,825,99,0,2072,236,177,484,268,289,985,354,109,133,61,254,177,324,272,292,831,284,505,54,939,153,114,108,88,49,68,1004,573,122,77,189,2622,20,208,23,72,714,232,258,452,327,88,93,523,129,448,276,354,1985,70,226,55,75,384,1551,55,113,202,1013,80,96,115,93,666,51,160,195,255,131,67,47,31,1514,132,677,1292,138,1090,65,100,639,2836,36
2024-02,22,683,7758,17,13,276,291,115,120,357,71,1767,4769,637,123,0,2042,200,138,479,263,284,882,306,96,167,75,263,166,329,245,280,838,286,540,53,899,150,94,133,70,41,87,1037,578,108,68,196,2646,26,176,39,72,714,228,220,435,360,90,96,541,95,372,297,364,1935,82,208,59,72,348,1418,70,110,203,1004,84,91,134,66,702,76,214,208,288,87,68,41,12,1380,135,666,1191,149,1058,66,101,631,2751,32
2024-03,13,709,8372,26,7,278,343,153,129,404,88,1759,5369,804,103,0,2197,193,140,475,294,315,885,335,121,191,59,204,194,349,271,343,860,367,568,40,992,167,93,174,83,49,73,1004,608,119,77,173,2831,39,244,20,90,790,224,293,431,349,80,99,539,175,463,266,360,2067,68,239,50,78,415,1552,84,120,221,1072,73,105,123,100,763,93,215,267,340,119,68,52,22,1564,144,768,1466,113,1226,78,110,583,3308,33
2024-04,0,0,0,0,0,0,0,0,0,0,0,0,0,0,0,0,0,0,0,0,0,0,0,0,0,0,0,0,0,0,0,0,0,0,0,0,0,0,0,0,0,0,0,0,0,0,0,0,0,0,0,0,0,0,0,0,0,0,0,0,0,0,0,0,0,0,0,0,0,0,0,0,0,0,0,0,0,0,0,0,0,0,0,0,0,0,0,0,0,0,0,0,0,0,0,0,0,0,0,0
2024-05,0,0,0,0,0,0,0,0,0,0,0,0,0,0,0,0,0,0,0,0,0,0,0,0,0,0,0,0,0,0,0,0,0,0,0,0,0,0,0,0,0,0,0,0,0,0,0,0,0,0,0,0,0,0,0,0,0,0,0,0,0,0,0,0,0,0,0,0,0,0,0,0,0,0,0,0,0,0,0,0,0,0,0,0,0,0,0,0,0,0,0,0,0,0,0,0,0,0,0,0
2024-06,0,0,0,0,0,0,0,0,0,0,0,0,0,0,0,0,0,0,0,0,0,0,0,0,0,0,0,0,0,0,0,0,0,0,0,0,0,0,0,0,0,0,0,0,0,0,0,0,0,0,0,0,0,0,0,0,0,0,0,0,0,0,0,0,0,0,0,0,0,0,0,0,0,0,0,0,0,0,0,0,0,0,0,0,0,0,0,0,0,0,0,0,0,0,0,0,0,0,0,0
2024-07,0,0,0,0,0,0,0,0,0,0,0,0,0,0,0,0,0,0,0,0,0,0,0,0,0,0,0,0,0,0,0,0,0,0,0,0,0,0,0,0,0,0,0,0,0,0,0,0,0,0,0,0,0,0,0,0,0,0,0,0,0,0,0,0,0,0,0,0,0,0,0,0,0,0,0,0,0,0,0,0,0,0,0,0,0,0,0,0,0,0,0,0,0,0,0,0,0,0,0,0
2024-08,0,0,0,0,0,0,0,0,0,0,0,0,0,0,0,0,0,0,0,0,0,0,0,0,0,0,0,0,0,0,0,0,0,0,0,0,0,0,0,0,0,0,0,0,0,0,0,0,0,0,0,0,0,0,0,0,0,0,0,0,0,0,0,0,0,0,0,0,0,0,0,0,0,0,0,0,0,0,0,0,0,0,0,0,0,0,0,0,0,0,0,0,0,0,0,0,0,0,0,0
2024-09,0,0,0,0,0,0,0,0,0,0,0,0,0,0,0,0,0,0,0,0,0,0,0,0,0,0,0,0,0,0,0,0,0,0,0,0,0,0,0,0,0,0,0,0,0,0,0,0,0,0,0,0,0,0,0,0,0,0,0,0,0,0,0,0,0,0,0,0,0,0,0,0,0,0,0,0,0,0,0,0,0,0,0,0,0,0,0,0,0,0,0,0,0,0,0,0,0,0,0,0
2024-10,0,0,0,0,0,0,0,0,0,0,0,0,0,0,0,0,0,0,0,0,0,0,0,0,0,0,0,0,0,0,0,0,0,0,0,0,0,0,0,0,0,0,0,0,0,0,0,0,0,0,0,0,0,0,0,0,0,0,0,0,0,0,0,0,0,0,0,0,0,0,0,0,0,0,0,0,0,0,0,0,0,0,0,0,0,0,0,0,0,0,0,0,0,0,0,0,0,0,0,0
2024-11,0,0,0,0,0,0,0,0,0,0,0,0,0,0,0,0,0,0,0,0,0,0,0,0,0,0,0,0,0,0,0,0,0,0,0,0,0,0,0,0,0,0,0,0,0,0,0,0,0,0,0,0,0,0,0,0,0,0,0,0,0,0,0,0,0,0,0,0,0,0,0,0,0,0,0,0,0,0,0,0,0,0,0,0,0,0,0,0,0,0,0,0,0,0,0,0,0,0,0,0
2024-12,0,0,0,0,0,0,0,0,0,0,0,0,0,0,0,0,0,0,0,0,0,0,0,0,0,0,0,0,0,0,0,0,0,0,0,0,0,0,0,0,0,0,0,0,0,0,0,0,0,0,0,0,0,0,0,0,0,0,0,0,0,0,0,0,0,0,0,0,0,0,0,0,0,0,0,0,0,0,0,0,0,0,0,0,0,0,0,0,0,0,0,0,0,0,0,0,0,0,0,0
